CCCNCC(O)COc1ccccc1C(=O)CCc2ccccc2,27112,CHEMBL2449559,=,331.130000000000000000000000000000,nM
CCCNC[C@@H](O)COc1ccccc1C(=O)CCc2ccccc2,1151932,CHEMBL2449559,=,281.840000000000000000000000000000,nM
CCCNC[C@H](O)COc1ccccc1C(=O)CCc2ccccc2,746559,CHEMBL2449559,=,478.630000000000000000000000000000,nM
CC(=O)c1ccccc1OCC(O)CN2CCN(CC2)c3ccc(F)cc3,238255,CHEMBL2449559,=,2089.300000000000000000000000000000,nM
OC(COc1ccccc1C(O)CCc2ccccc2)CN3CCCCC3,243521,CHEMBL2449559,=,891.250000000000000000000000000000,nM
CCCNC[C@H](O)c1oc2ccccc2c1CCc3ccccc3,372315,CHEMBL2449559,=,1047.130000000000000000000000000000,nM
CCCNC[C@@H](O)c1oc2ccccc2c1CCc3ccccc3,372316,CHEMBL2449559,=,1096.480000000000000000000000000000,nM
O[C@H](COc1ccccc1[C@@H](O)CCc2ccccc2)CN3CCCCC3,1591031,CHEMBL2449559,=,1698.240000000000000000000000000000,nM
O[C@@H](COc1ccccc1[C@@H](O)CCc2ccccc2)CN3CCCCC3,1591032,CHEMBL2449559,=,870.960000000000000000000000000000,nM
O[C@H](COc1ccccc1[C@H](O)CCc2ccccc2)CN3CCCCC3,1591033,CHEMBL2449559,=,1513.560000000000000000000000000000,nM
O[C@@H](COc1ccccc1[C@H](O)CCc2ccccc2)CN3CCCCC3,1591034,CHEMBL2449559,=,851.140000000000000000000000000000,nM
CC(=O)c1cc(C)ccc1OCC(O)CN2CCCCC2,372323,CHEMBL2449559,=,5495.410000000000000000000000000000,nM
OC(CN1CCCCC1)C2Oc3ccccc3C2CCc4ccccc4,1591035,CHEMBL2449559,=,645.650000000000000000000000000000,nM
CC(C)[C@@H](CCl)N(C)[C@@H]1C2C=C(C=CC2OC(C)(C)[C@H]1O)C#N,1591036,CHEMBL2449559,=,2238.720000000000000000000000000000,nM
OC(COc1cccc(c1)C(=O)CCc2cccc3ccccc23)CN4CCN(CC4)c5ccc(F)cc5,1591037,CHEMBL2449559,=,158.490000000000000000000000000000,nM
Cc1ccccc1N2CCN(CC(O)COc3cccc(c3)C(=O)CCc4cccc5ccccc45)CC2,1591038,CHEMBL2449559,=,70.790000000000000000000000000000,nM
CNC1C(O)C(C)(C)Oc2ccc(cc12)C#N,1591039,CHEMBL2449559,=,776247.120000000000000000000000000000,nM
CC1(C)Oc2ccc(cc2C(NCc3ccccc3)C1O)C#N,1591040,CHEMBL2449559,=,75857.760000000000000000000000000000,nM
CN[C@H]1[C@H](O)C(C)(C)Oc2ccc(cc12)C#N,1591041,CHEMBL2449559,=,1698243.650000000000000000000000000000,nM
CC1(C)Oc2ccc(cc2[C@@H](NCc3ccccc3)[C@@H]1O)C#N,1591042,CHEMBL2449559,=,58884.370000000000000000000000000000,nM
CC1(C)Oc2ccc(cc2[C@H](NCc3ccccc3)[C@H]1O)C#N,89331,CHEMBL2449559,=,35481.340000000000000000000000000000,nM
CN[C@@H]1[C@@H](O)C(C)(C)Oc2ccc(cc12)C#N,89345,CHEMBL2449559,=,309029.540000000000000000000000000000,nM
CC(C)[C@@H](N[C@@H]1[C@@H](O)C(C)(C)Oc2ccccc12)C(=O)OC(C)(C)C,1591043,CHEMBL2449559,=,1348.960000000000000000000000000000,nM
CC(C)[C@@H](N[C@H]1[C@H](O)C(C)(C)Oc2ccc(cc12)C#N)C(=O)OC(C)(C)C,1591044,CHEMBL2449559,=,4677.350000000000000000000000000000,nM
CC(C)[C@H](N(C)[C@H]1[C@H](O)C(C)(C)Oc2ccc(cc12)C#N)C(=O)OC(C)(C)C,1591045,CHEMBL2449559,=,954.990000000000000000000000000000,nM
CC(C)[C@H](N(C)[C@@H]1[C@@H](O)C(C)(C)Oc2ccc(cc12)C#N)C(=O)OC(C)(C)C,1591046,CHEMBL2449559,=,1348.960000000000000000000000000000,nM
CC(C)[C@@H](N(C)[C@H]1[C@H](O)C(C)(C)Oc2ccc(cc12)C#N)C(=O)OC(C)(C)C,1591047,CHEMBL2449559,=,1000.000000000000000000000000000000,nM
CC(NC1C(O)C(C)(C)Oc2ccc(cc12)C#N)C(=O)OC(C)(C)C,1591048,CHEMBL2449559,=,29512.090000000000000000000000000000,nM
C[C@H](N[C@@H]1[C@@H](O)C(C)(C)Oc2ccc(cc12)C#N)C(=O)OC(C)(C)C,1591049,CHEMBL2449559,=,14454.400000000000000000000000000000,nM
C[C@H](N(C)[C@@H]1[C@@H](O)C(C)(C)Oc2ccc(cc12)C#N)C(=O)OC(C)(C)C,1591050,CHEMBL2449559,=,3715.350000000000000000000000000000,nM
C[C@H](N(C)[C@H]1[C@H](O)C(C)(C)Oc2ccc(cc12)C#N)C(=O)OC(C)(C)C,1591051,CHEMBL2449559,=,3981.070000000000000000000000000000,nM
CC(C)[C@@H]1N[C@H]2[C@H](OC1=O)C(C)(C)Oc3ccc(cc23)C#N,1591052,CHEMBL2449559,=,15488.170000000000000000000000000000,nM
CC(C)[C@@H]1N[C@@H]2[C@@H](OC1=O)C(C)(C)Oc3ccc(cc23)C#N,1591053,CHEMBL2449559,=,58884.370000000000000000000000000000,nM
CC(C)[C@H]1N[C@@H]2[C@@H](OC1=O)C(C)(C)Oc3ccc(cc23)C#N,1591054,CHEMBL2449559,=,9549.930000000000000000000000000000,nM
C[C@@H]1N[C@@H]2[C@@H](OC1=O)C(C)(C)Oc3ccc(cc23)C#N,1591055,CHEMBL2449559,=,77624.710000000000000000000000000000,nM
C[C@@H]1N(C)[C@@H]2[C@@H](OC1=O)C(C)(C)Oc3ccc(cc23)C#N,1591056,CHEMBL2449559,=,28840.320000000000000000000000000000,nM
C[C@@H]1N[C@H]2[C@H](OC1=O)C(C)(C)Oc3ccc(cc23)C#N,1591057,CHEMBL2449559,=,1230268.770000000000000000000000000000,nM
C[C@@H]1N(C)[C@H]2[C@H](OC1=O)C(C)(C)Oc3ccc(cc23)C#N,1591058,CHEMBL2449559,=,47863.010000000000000000000000000000,nM
CC(C)[C@@H]1N(C)[C@H]2[C@H](OC1=O)C(C)(C)Oc3ccc(cc23)C#N,1591059,CHEMBL2449559,=,47863.010000000000000000000000000000,nM
CC(C)[C@H]1N(C)[C@H]2[C@H](OC1=O)C(C)(C)Oc3ccc(cc23)C#N,1591060,CHEMBL2449559,=,79432.820000000000000000000000000000,nM
CC(C)[C@H]1N(C)[C@@H]2[C@@H](OC1=O)C(C)(C)Oc3ccc(cc23)C#N,1591061,CHEMBL2449559,=,27542.290000000000000000000000000000,nM
CC(C)[C@@H]1N(C)[C@@H]2[C@@H](OC1=O)C(C)(C)Oc3ccc(cc23)C#N,1591062,CHEMBL2449559,=,16595.870000000000000000000000000000,nM
CC(C)(C)OC(=O)C(Cc1ccccc1)N[C@@H]2[C@@H](O)C(C)(C)Oc3ccc(cc23)C#N,1591063,CHEMBL2449559,=,776.250000000000000000000000000000,nM
CC(C)(C)OC(=O)C(Cc1ccccc1)N[C@H]2[C@H](O)C(C)(C)Oc3ccc(cc23)C#N,1591064,CHEMBL2449559,=,549.540000000000000000000000000000,nM
CC1(C)Oc2ccc(cc2[C@@H]3NC(Cc4ccccc4)C(=O)O[C@@H]13)C#N,1591065,CHEMBL2449559,=,257039.580000000000000000000000000000,nM
CC1(C)Oc2ccc(cc2[C@H]3N[C@@H](Cc4ccccc4)C(=O)O[C@H]13)C#N,1591066,CHEMBL2449559,=,2691.530000000000000000000000000000,nM
CC(C)[C@@H](CO)N[C@@H]1[C@@H](O)C(C)(C)Oc2ccc(cc12)C#N,1591067,CHEMBL2449559,=,102329.300000000000000000000000000000,nM
CC(C)[C@@H](CO)N[C@H]1[C@H](O)C(C)(C)Oc2ccc(cc12)C#N,1591068,CHEMBL2449559,=,53703.180000000000000000000000000000,nM
CC(C)[C@@H](CO)N(C)[C@H]1[C@H](O)C(C)(C)Oc2ccc(cc12)C#N,1591069,CHEMBL2449559,=,5495.410000000000000000000000000000,nM
CC(C)C(CO)N(C)[C@@H]1[C@@H](O)C(C)(C)Oc2ccc(cc12)C#N,1591070,CHEMBL2449559,=,6918.310000000000000000000000000000,nM
CC(C)[C@@H](CCl)N(C)[C@H]1[C@H](O)C(C)(C)Oc2ccc(cc12)C#N,1591071,CHEMBL2449559,=,35481.340000000000000000000000000000,nM
CC(C)[C@@H](CCl)N(C)[C@@H]1[C@@H](O)C(C)(C)Oc2ccc(cc12)C#N,1591072,CHEMBL2449559,=,44668.360000000000000000000000000000,nM
CC(C)[C@H](N[C@@H]1[C@@H](O)C(C)(C)Oc2ccc(cc12)C#N)C(=O)O,1591073,CHEMBL2449559,=,2691.530000000000000000000000000000,nM
CC(C)[C@H](N[C@H]1[C@H](O)C(C)(C)Oc2ccc(cc12)C#N)C(=O)O,1591074,CHEMBL2449559,=,4786.300000000000000000000000000000,nM
C[C@H](N[C@H]1[C@H](O)C(C)(C)Oc2ccc(cc12)C#N)C(=O)OC(C)(C)C,1591075,CHEMBL2449559,=,45708.820000000000000000000000000000,nM
CCN(CC)C[C@@H](O)COc1ccccc1C(=O)CCc2ccccc2,1591076,CHEMBL2449559,=,912.010000000000000000000000000000,nM
O[C@@H](COc1ccccc1C(=O)CCc2ccccc2)CN3CCCCC3,1591077,CHEMBL2449559,=,602.560000000000000000000000000000,nM
CC(C)N(C[C@@H](O)COc1ccccc1C(=O)CCc2ccccc2)C(C)C,1591078,CHEMBL2449559,=,380.190000000000000000000000000000,nM
CCC(=O)c1ccccc1OC[C@H](O)CN2CCCCC2,1591079,CHEMBL2449559,=,14454.400000000000000000000000000000,nM
CC(=O)c1ccccc1OC[C@H](O)CN2CCCCC2,1591080,CHEMBL2449559,=,31622.780000000000000000000000000000,nM
O[C@@H](COc1ccccc1C(=O)CCc2ccccc2)CN3CCN(CC3)c4ccccc4,1591081,CHEMBL2449559,=,616.600000000000000000000000000000,nM
COc1ccccc1N2CCN(C[C@@H](O)COc3ccccc3C(=O)CCc4ccccc4)CC2,1591082,CHEMBL2449559,=,229.090000000000000000000000000000,nM
COc1cccc(c1)N2CCN(C[C@@H](O)COc3ccccc3C(=O)CCc4ccccc4)CC2,1591083,CHEMBL2449559,=,676.080000000000000000000000000000,nM
COc1ccc(cc1)N2CCN(C[C@@H](O)COc3ccccc3C(=O)CCc4ccccc4)CC2,1591084,CHEMBL2449559,=,257.040000000000000000000000000000,nM
Cc1ccccc1N2CCN(C[C@@H](O)COc3ccccc3C(=O)CCc4ccccc4)CC2,1591085,CHEMBL2449559,=,26.920000000000000000000000000000,nM
O[C@@H](COc1ccccc1C(=O)CCc2ccccc2)CN3CCN(Cc4ccccc4)CC3,1591086,CHEMBL2449559,=,660.690000000000000000000000000000,nM
O[C@@H](COc1ccccc1C(=O)CCc2ccccc2)CN3CCN(CC3)c4ccc(F)cc4,1591087,CHEMBL2449559,=,70.790000000000000000000000000000,nM
CCC(=O)c1ccccc1OC[C@H](O)CN2CCOCC2,1591088,CHEMBL2449559,=,208929.610000000000000000000000000000,nM
CN(C)C[C@@H](O)COc1ccccc1C(=O)CCc2ccccc2,1591089,CHEMBL2449559,=,2454.710000000000000000000000000000,nM
CC(=O)c1ccccc1OC[C@H](O)CN2CCOCC2,1591090,CHEMBL2449559,=,67608.300000000000000000000000000000,nM
CCCN(C)C[C@@H](O)COc1ccccc1C(=O)CCc2ccccc2,1591091,CHEMBL2449559,=,416.870000000000000000000000000000,nM
CCN(CC)C[C@@H](O)COc1ccccc1C(=O)c2ccccc2,1591092,CHEMBL2449559,=,2344.230000000000000000000000000000,nM
O[C@@H](COc1ccccc1C(=O)\C=C\c2ccccc2)CN3CCCCC3,1591093,CHEMBL2449559,=,316.230000000000000000000000000000,nM
O[C@@H](COc1ccccc1C(=O)CCc2ccccc2)CN3CCOCC3,1591094,CHEMBL2449559,=,3630.780000000000000000000000000000,nM
O[C@@H](COc1ccccc1C(=O)CCc2ccccc2)CN3CCC(O)(CC3)c4ccccc4,1591095,CHEMBL2449559,=,57.540000000000000000000000000000,nM
O[C@@H](COc1ccc(cc1)C(=O)CCc2ccccc2)CN3CCCCC3,1591096,CHEMBL2449559,=,977.240000000000000000000000000000,nM
CO[C@H](CCc1ccccc1)c2ccccc2OC[C@H](O)CN3CCCCC3,1591097,CHEMBL2449559,=,173.780000000000000000000000000000,nM
CCCNC[C@@H](O)c1oc2ccccc2c1CC,1591098,CHEMBL2449559,=,11481.540000000000000000000000000000,nM
COc1ccccc1N2CCN(C[C@@H](O)c3oc4ccccc4c3CCc5ccccc5)CC2,1591099,CHEMBL2449559,=,177.830000000000000000000000000000,nM
O[C@@H](COc1ccccc1C(=O)CCc2ccccc2)CN3CCC(Cc4ccccc4)CC3,1591100,CHEMBL2449559,=,257.040000000000000000000000000000,nM
CCCNC[C@@H](O)COc1ccc(O)cc1C(=O)CCc2ccccc2,1591101,CHEMBL2449559,=,3019.950000000000000000000000000000,nM
O[C@@H](COc1ccc(cc1)C(=O)CCc2ccccc2)CN3CCN(CC3)c4ccc(F)cc4,1591102,CHEMBL2449559,=,2511.890000000000000000000000000000,nM
O[C@@H](COc1cccc(c1)C(=O)CCc2ccccc2)CN3CCCCC3,1591103,CHEMBL2449559,=,426.580000000000000000000000000000,nM
O[C@@H](COc1ccc(cc1)C(=O)CCc2ccccc2)CN3CCOCC3,1591104,CHEMBL2449559,=,6918.310000000000000000000000000000,nM
O[C@@H](COc1ccccc1[C@H](O)CCc2ccccc2)CN3CCN(CC3)c4ccc(F)cc4,1591105,CHEMBL2449559,=,676.080000000000000000000000000000,nM
CO[C@H](CCc1ccccc1)c2ccccc2OC[C@H](O)CN3CCN(CC3)c4ccc(F)cc4,1591106,CHEMBL2449559,=,223.870000000000000000000000000000,nM
O[C@@H](COc1cccc(c1)C(=O)CCc2ccccc2)CN3CCN(CC3)c4ccc(F)cc4,1591107,CHEMBL2449559,=,1122.020000000000000000000000000000,nM
CC(C)N(C[C@@H](O)COc1ccc(cc1)C(=O)CCc2ccccc2)C(C)C,1591108,CHEMBL2449559,=,912.010000000000000000000000000000,nM
CC(C)N(C[C@@H](O)COc1ccccc1[C@H](O)CCc2ccccc2)C(C)C,1591109,CHEMBL2449559,=,1737.800000000000000000000000000000,nM
CO[C@H](CCc1ccccc1)c2ccccc2OC[C@H](O)CN(C(C)C)C(C)C,1591110,CHEMBL2449559,=,660.690000000000000000000000000000,nM
O[C@@H](COc1ccccc1C(=O)CCc2cccc3ccccc23)CN4CCCCC4,1591111,CHEMBL2449559,=,173.780000000000000000000000000000,nM
O[C@H](CNCC(c1ccccc1)c2ccccc2)COc3ccccc3C(=O)CCc4ccccc4,1591112,CHEMBL2449559,=,794.330000000000000000000000000000,nM
O[C@H](CNC(c1ccccc1)c2ccccc2)COc3ccccc3C(=O)CCc4ccccc4,1591113,CHEMBL2449559,=,10471.290000000000000000000000000000,nM
O[C@H](CNCCC(c1ccccc1)c2ccccc2)COc3ccccc3C(=O)CCc4cccc5ccccc45,1591114,CHEMBL2449559,=,724.440000000000000000000000000000,nM
O=C(CCc1ccccc1)c2ccccc2OCCCN3CCCCC3,372358,CHEMBL2449559,=,645.650000000000000000000000000000,nM
O=C(CCc1ccccc1)c2ccccc2OCCN3CCCCC3,372364,CHEMBL2449559,=,1445.440000000000000000000000000000,nM
O=C(CCc1ccccc1)c2ccccc2OCCCCN3CCCCC3,372365,CHEMBL2449559,=,537.030000000000000000000000000000,nM
O=C(CCc1ccccc1)c2ccccc2OCCCCCN3CCCCC3,372370,CHEMBL2449559,=,239.880000000000000000000000000000,nM
O=C(CCc1ccccc1)c2ccccc2OCCCCCCN3CCCCC3,372371,CHEMBL2449559,=,204.170000000000000000000000000000,nM
O=C(CCc1ccccc1)c2ccccc2OCCCCCCCN3CCCCC3,372298,CHEMBL2449559,=,177.830000000000000000000000000000,nM
O=C(CCc1ccccc1)c2ccccc2OCCCCCCCCN3CCCCC3,372299,CHEMBL2449559,=,138.040000000000000000000000000000,nM
CO[C@H](CCc1ccccc1)c2ccccc2OC[C@H](O)CNCCC(c3ccccc3)c4ccccc4,1591115,CHEMBL2449559,=,758.580000000000000000000000000000,nM
O[C@@H](COc1ccccc1[C@H](O)CCc2ccccc2)CN3CCOCC3,1591116,CHEMBL2449559,=,9549.930000000000000000000000000000,nM
CO[C@H](CCc1ccccc1)c2ccccc2OC[C@H](O)CN3CCOCC3,1591117,CHEMBL2449559,=,1819.700000000000000000000000000000,nM
CCCNC[C@@H](O)COc1ccc(OCc2ccccc2)cc1C(=O)CCc3ccccc3,1591118,CHEMBL2449559,=,109.650000000000000000000000000000,nM
O[C@@H](COc1ccc(OCc2ccccc2)cc1C(=O)CCc3ccccc3)CN4CCCCC4,1591119,CHEMBL2449559,=,173.780000000000000000000000000000,nM
O[C@@H](COc1ccc(O)cc1C(=O)CCc2ccccc2)CN3CCCCC3,1591120,CHEMBL2449559,=,1737.800000000000000000000000000000,nM
O[C@H](CNCCC(c1ccccc1)c2ccccc2)COc3ccccc3C(=O)CCc4ccccc4,1591121,CHEMBL2449559,=,724.440000000000000000000000000000,nM
O[C@H](CNc1ccccc1)COc2ccccc2C(=O)CCc3ccccc3,1591122,CHEMBL2449559,=,6456.540000000000000000000000000000,nM
O[C@H](CNC1CCCCC1)COc2ccccc2C(=O)CCc3ccccc3,1591123,CHEMBL2449559,=,338.840000000000000000000000000000,nM
CC(C)N(C[C@@H](O)COc1ccc(O)cc1C(=O)CCc2ccccc2)C(C)C,1591124,CHEMBL2449559,=,1047.130000000000000000000000000000,nM
CC(C)N(C[C@@H](O)COc1ccc(OCc2ccccc2)cc1C(=O)CCc3ccccc3)C(C)C,1591125,CHEMBL2449559,=,81.280000000000000000000000000000,nM
O[C@@H](COc1ccc(OCc2ccccc2)cc1C(=O)CCc3ccccc3)CN4CCN(Cc5ccccc5)CC4,1591126,CHEMBL2449559,=,114.820000000000000000000000000000,nM
O[C@@H](COc1ccc(O)cc1C(=O)CCc2ccccc2)CN3CCN(Cc4ccccc4)CC3,1591127,CHEMBL2449559,=,524.810000000000000000000000000000,nM
CC(C)O[C@H](CCc1ccccc1)c2ccccc2OC[C@H](O)CN3CCCCC3,1591128,CHEMBL2449559,=,457.090000000000000000000000000000,nM
CC(C)(C)O[C@H](CCc1ccccc1)c2ccccc2OC[C@H](O)CN3CCCCC3,1591129,CHEMBL2449559,=,398.110000000000000000000000000000,nM
O[C@@H](COc1ccccc1C(=O)c2ccccc2)CN3CCC(O)(CC3)c4ccccc4,1591130,CHEMBL2449559,=,309.030000000000000000000000000000,nM
O[C@@H](COc1ccccc1C(=O)c2ccccc2)CN3CCN(CC3)c4ccc(F)cc4,1591131,CHEMBL2449559,=,147.910000000000000000000000000000,nM
CC(=O)c1ccccc1OC[C@H](O)CN2CCC(Cc3ccccc3)CC2,1591132,CHEMBL2449559,=,354.810000000000000000000000000000,nM
CC(=O)c1ccccc1OC[C@H](O)CN2CCC(O)(CC2)c3ccccc3,1591133,CHEMBL2449559,=,3162.280000000000000000000000000000,nM
Cc1ccccc1N2CCN(C[C@@H](O)COc3ccccc3C(=O)CCc4ccc(Cl)cc4)CC2,1591134,CHEMBL2449559,=,19.050000000000000000000000000000,nM
Cc1ccc(CCC(=O)c2ccccc2OC[C@H](O)CN3CCN(CC3)c4ccccc4C)cc1,1591135,CHEMBL2449559,=,18.200000000000000000000000000000,nM
COc1ccc(CCC(=O)c2ccccc2OC[C@H](O)CN3CCN(CC3)c4ccccc4C)cc1,1591136,CHEMBL2449559,=,14.130000000000000000000000000000,nM
Cc1ccccc1N2CCN(C[C@@H](O)COc3ccccc3C(=O)CCc4ccc(Cl)c(Cl)c4)CC2,1591137,CHEMBL2449559,=,38.020000000000000000000000000000,nM
CC(=O)O[C@@H](COc1ccccc1C(=O)CCc2ccccc2)CN3CCCCC3,1591138,CHEMBL2449559,=,338.840000000000000000000000000000,nM
COC(=O)c1ccc(NC[C@@H](O)COc2ccccc2C(=O)CCc3ccccc3)cc1,1591139,CHEMBL2449559,=,1548.820000000000000000000000000000,nM
Cc1ccccc1N2CCN(C[C@@H](O)COc3ccc(Cl)cc3C(=O)CCc4ccccc4)CC2,1591140,CHEMBL2449559,=,58.880000000000000000000000000000,nM
COc1ccc(OC[C@H](O)CN2CCN(CC2)c3ccccc3C)c(c1)C(=O)CCc4ccccc4,1591141,CHEMBL2449559,=,177.830000000000000000000000000000,nM
Cc1ccc(OC[C@H](O)CN2CCN(CC2)c3ccccc3C)c(c1)C(=O)CCc4ccccc4,1591142,CHEMBL2449559,=,25.700000000000000000000000000000,nM
O[C@H](CNc1ccc(cc1)C(F)(F)F)COc2ccccc2C(=O)CCc3ccccc3,1591143,CHEMBL2449559,=,8511.380000000000000000000000000000,nM
O[C@H](CNc1ccc(cc1)[N+](=O)[O-])COc2ccccc2C(=O)CCc3ccccc3,1591144,CHEMBL2449559,=,2570.400000000000000000000000000000,nM
CCC(=O)N(C[C@@H](O)COc1ccccc1C(=O)CCc2ccccc2)Cc3ccccc3,1591145,CHEMBL2449559,=,1659.590000000000000000000000000000,nM
O=C(CCc1ccccc1)c2ccccc2OCCCCN3CCOCC3,372372,CHEMBL2449559,=,1000.000000000000000000000000000000,nM
Fc1ccc(cc1)N2CCN(CCCCOc3ccccc3C(=O)CCc4ccccc4)CC2,372373,CHEMBL2449559,=,190.550000000000000000000000000000,nM
CCCN(C[C@@H](O)COc1ccccc1C(=O)CCc2ccccc2)C(=O)c3ccccc3,1591146,CHEMBL2449559,=,1698.240000000000000000000000000000,nM
O[C@@H](COc1ccccc1C(=O)CCc2cccc3ccccc23)CN4CCOCC4,1591147,CHEMBL2449559,=,724.440000000000000000000000000000,nM
CC(C)N(C[C@@H](O)COc1ccccc1C(=O)CCc2cccc3ccccc23)C(C)C,1591148,CHEMBL2449559,=,467.740000000000000000000000000000,nM
CCC(=O)c1ccccc1OC[C@H](O)CN2CCC(O)(CC2)c3ccccc3,1591149,CHEMBL2449559,=,302.000000000000000000000000000000,nM
O[C@@H](COc1ccccc1C(=O)CCc2cccc3ccccc23)CN4CCC(O)(CC4)c5ccccc5,1591150,CHEMBL2449559,=,75.860000000000000000000000000000,nM
CC(=O)c1cccc(OC[C@H](O)CN2CCOCC2)c1,1591151,CHEMBL2449559,=,128824.960000000000000000000000000000,nM
CC(=O)c1cccc(OC[C@H](O)CN2CCCCC2)c1,1591152,CHEMBL2449559,=,9120.110000000000000000000000000000,nM
CC(=O)c1cccc(OC[C@H](O)CN2CCN(CC2)c3ccc(F)cc3)c1,1591153,CHEMBL2449559,=,10000.000000000000000000000000000000,nM
O[C@@H](COc1ccccc1C(=O)CCc2ccccc2)CN3CCN(CC3)C(=O)c4ccccc4,1591154,CHEMBL2449559,=,128.820000000000000000000000000000,nM
CC(=O)c1ccc(OC[C@H](O)CN2CCCCC2)cc1,1591155,CHEMBL2449559,=,48977.880000000000000000000000000000,nM
CC(=O)c1ccc(OC[C@H](O)CN2CCN(CC2)c3ccc(F)cc3)cc1,1591156,CHEMBL2449559,=,11748.980000000000000000000000000000,nM
CC(=O)c1ccc(OC[C@H](O)CN2CCOCC2)cc1,1591157,CHEMBL2449559,=,301995.170000000000000000000000000000,nM
CN(CCN(C)S(=O)(=O)c1cccc2c(cccc12)N(C)C)C[C@@H](O)COc3ccccc3C(=O)c4ccccc4,1591158,CHEMBL2449559,=,1819.700000000000000000000000000000,nM
CCCNC[C@@H](O)COc1ccc(C)cc1C(=O)c2ccccc2,1591159,CHEMBL2449559,=,1202.260000000000000000000000000000,nM
CC(C)[C@H](NC[C@@H](O)COc1ccccc1C(=O)CCc2ccccc2)c3ccccc3,1591160,CHEMBL2449559,=,208.930000000000000000000000000000,nM
O[C@H](CN[C@H](C1CCCCC1)c2ccccc2)COc3ccccc3C(=O)CCc4ccccc4,1591161,CHEMBL2449559,=,144.540000000000000000000000000000,nM
Cc1ccccc1N2CCN(C[C@@H](O)COc3cc(Cl)c(Cl)cc3C(=O)CCc4ccccc4)CC2,1591162,CHEMBL2449559,=,16.980000000000000000000000000000,nM
O[C@@H](COc1cccc2CCC(=O)c12)CN3CCCCC3,1591163,CHEMBL2449559,=,9772.370000000000000000000000000000,nM
CC(C)(C)[C@@H](NC[C@@H](O)COc1ccccc1C(=O)CCc2ccccc2)c3ccccc3,1591164,CHEMBL2449559,=,295.120000000000000000000000000000,nM
O[C@@H](COc1cccc2C(=O)CCc12)CN3CCCCC3,1591165,CHEMBL2449559,=,11220.180000000000000000000000000000,nM
O[C@@H](COc1cccc2C[C@H](Cc3ccccc3)C(=O)c12)CN4CCCCC4,1591166,CHEMBL2449559,=,213.800000000000000000000000000000,nM
O[C@@H](COc1cccc2C(=O)[C@H](Cc3ccccc3)Cc12)CN4CCCCC4,1591167,CHEMBL2449559,=,141.250000000000000000000000000000,nM
Cc1cccc(N2CCN(C[C@@H](O)COc3cccc4C[C@H](Cc5ccccc5)C(=O)c34)CC2)c1C,1591168,CHEMBL2449559,=,165.960000000000000000000000000000,nM
COc1ccc(cc1)N2CCN(C[C@@H](O)COc3cccc4C[C@H](Cc5ccccc5)C(=O)c34)CC2,1591169,CHEMBL2449559,=,389.050000000000000000000000000000,nM
O[C@@H](COc1cccc2C[C@H](Cc3ccccc3)C(=O)c12)CN4CCOCC4,1591170,CHEMBL2449559,=,295.120000000000000000000000000000,nM
O=C1C[C@H](CN2CCCCC2)Oc3ccccc13,1591171,CHEMBL2449559,=,177827.940000000000000000000000000000,nM
Fc1ccc(cc1)N2CCN(C[C@H]3CC(=O)c4ccccc4O3)CC2,1591172,CHEMBL2449559,=,17782.790000000000000000000000000000,nM
Cc1cccc(N2CCN(C[C@H]3CC(=O)c4ccccc4O3)CC2)c1C,1591173,CHEMBL2449559,=,2041.740000000000000000000000000000,nM
O=C1C[C@H](CN2CCN(Cc3ccccc3)CC2)Oc4ccccc14,1591174,CHEMBL2449559,=,8912.510000000000000000000000000000,nM
O=C1C[C@H](CN2CCOCC2)Oc3ccccc13,1591175,CHEMBL2449559,=,1258925.410000000000000000000000000000,nM
CCOC(=O)COc1ccccc1C(=O)CCc2ccccc2,372340,CHEMBL2449559,=,23442.290000000000000000000000000000,nM
OC(=O)COc1ccccc1C(=O)CCc2ccccc2,372341,CHEMBL2449559,=,1584893.190000000000000000000000000000,nM
CC(=O)c1ccc(OC[C@H](O)CN2CCN(CC2)c3cccc(C)c3C)cc1,1591176,CHEMBL2449559,=,1348.960000000000000000000000000000,nM
Cc1cccc(N2CCN(C[C@@H](O)COc3ccccc3C(=O)CCc4ccccc4)CC2)c1C,1591177,CHEMBL2449559,=,5.620000000000000000000000000000,nM
CC(=O)c1ccc(OC[C@H](O)CN2CCN(CC2)c3ccccc3C)cc1,1591178,CHEMBL2449559,=,1548.820000000000000000000000000000,nM
CC(=O)c1cccc(OC[C@H](O)CN2CCN(CC2)c3cccc(C)c3C)c1,1591179,CHEMBL2449559,=,380.190000000000000000000000000000,nM
O=C([C@@H]1Oc2ccccc2[C@@H]1CCc3ccccc3)N4CCCCC4,1591180,CHEMBL2449559,=,6606.930000000000000000000000000000,nM
C[C@@H]1[C@@H](Oc2ccccc12)C(=O)N3CCCCC3,1591181,CHEMBL2449559,=,104712.850000000000000000000000000000,nM
C(Cc1ccccc1)[C@@H]2[C@H](CN3CCCCC3)Oc4ccccc24,1591182,CHEMBL2449559,=,1621.810000000000000000000000000000,nM
C[C@@H]1[C@H](CN2CCCCC2)Oc3ccccc13,1591183,CHEMBL2449559,=,48977.880000000000000000000000000000,nM
CC(=O)c1cccc(OC[C@H](O)CN2CCN(CC2)c3ccccc3C)c1,1591184,CHEMBL2449559,=,537.030000000000000000000000000000,nM
CC(=O)c1ccccc1OC[C@H](O)CN2CCN(CC2)c3cccc(C)c3C,1591185,CHEMBL2449559,=,199.530000000000000000000000000000,nM
Cc1cccc(N2CCN(C[C@@H](O)COc3ccc(cc3)C(=O)CCc4ccccc4)CC2)c1C,1591186,CHEMBL2449559,=,229.090000000000000000000000000000,nM
COc1ccc(C(=O)CCc2ccccc2)c(OC[C@H](O)CN3CCN(CC3)c4ccccc4C)c1,1591187,CHEMBL2449559,=,30.900000000000000000000000000000,nM
COc1ccc(C(=O)CCc2ccccc2)c(OC[C@H](O)CN3CCCCC3)c1,1591188,CHEMBL2449559,=,295.120000000000000000000000000000,nM
CN(C)c1ccc(CCC(=O)c2ccccc2OC[C@H](O)CN3CCN(CC3)c4ccccc4C)cc1,1591189,CHEMBL2449559,=,12.880000000000000000000000000000,nM
COc1ccc(OC[C@H](O)CN2CCN(CC2)c3ccccc3C)c(c1)C(=O)C,1591190,CHEMBL2449559,=,851.140000000000000000000000000000,nM
CC(=O)c1cc(C)ccc1OC[C@H](O)CN2CCN(CC2)c3ccccc3C,1591191,CHEMBL2449559,=,398.110000000000000000000000000000,nM
CC(=O)c1cc(C(=O)C)c(OC[C@H](O)CN2CCN(CC2)c3ccccc3C)cc1C,1591192,CHEMBL2449559,=,208.930000000000000000000000000000,nM
CC(=O)c1ccccc1OC[C@H](O)CN2CCN(CC2)c3ccccc3C,1591193,CHEMBL2449559,=,251.190000000000000000000000000000,nM
CC(=O)c1ccc(C)cc1OC[C@H](O)CN2CCN(CC2)c3ccccc3C,1591194,CHEMBL2449559,=,162.180000000000000000000000000000,nM
CC(=O)c1cc(Cl)c(Cl)cc1OC[C@H](O)CN2CCN(CC2)c3ccccc3C,1591195,CHEMBL2449559,=,125.890000000000000000000000000000,nM
COc1ccc(C(=O)CCc2ccc(cc2)N(C)C)c(OC[C@H](O)CN3CCN(CC3)c4ccccc4C)c1,1591196,CHEMBL2449559,=,39.810000000000000000000000000000,nM
CC(=O)c1ccc(OC[C@H](O)CNCCC(c2ccccc2)c3ccccc3)cc1,1591197,CHEMBL2449559,=,177.830000000000000000000000000000,nM
Cc1ccccc1N2CCN(C[C@@H](O)COc3cccc(c3)C(=O)CCc4ccccc4)CC2,1591198,CHEMBL2449559,=,74.130000000000000000000000000000,nM
O[C@H](CNCCC(c1ccccc1)c2ccccc2)COc3cccc(c3)C(=O)CCc4ccccc4,1591199,CHEMBL2449559,=,190.550000000000000000000000000000,nM
Cc1cccc(N2CCN(C[C@@H](O)COc3cccc(c3)C(=O)CCc4ccccc4)CC2)c1C,1591200,CHEMBL2449559,=,138.040000000000000000000000000000,nM
O[C@@H](COc1cccc(c1)C(=O)CCc2ccccc2)CN3CCOCC3,1591201,CHEMBL2449559,=,3467.370000000000000000000000000000,nM
O[C@H](CNCCC(c1ccccc1)c2ccccc2)COc3ccc(cc3)C(=O)CCc4ccccc4,1591202,CHEMBL2449559,=,501.190000000000000000000000000000,nM
O[C@@H](COc1ccc(OCc2ccccc2)cc1C(=O)CCc3ccccc3)CN4CCC(O)(CC4)c5ccccc5,1591203,CHEMBL2449559,=,85.110000000000000000000000000000,nM
CC(C)(C)OC(=O)N1CCN(C[C@@H](O)COc2ccccc2C(=O)c3ccccc3)CC1,1591204,CHEMBL2449559,=,870.960000000000000000000000000000,nM
CC(C)N(C[C@@H](O)COc1ccccc1C(=O)C)C(C)C,1591205,CHEMBL2449559,=,10000.000000000000000000000000000000,nM
O[C@@H](COc1ccccc1[C@@H](O)CCc2ccccc2)CN3CCN(Cc4ccccc4)CC3,1591206,CHEMBL2449559,=,186.210000000000000000000000000000,nM
CO[C@@H](CCc1ccccc1)c2ccccc2OC[C@H](O)CN3CCN(Cc4ccccc4)CC3,1591207,CHEMBL2449559,=,79.430000000000000000000000000000,nM
Cc1ccccc1N2CCN(C[C@@H](O)COc3ccccc3[C@@H](O)CCc4ccccc4)CC2,1591208,CHEMBL2449559,=,44.670000000000000000000000000000,nM
CO[C@@H](CCc1ccccc1)c2ccccc2OC[C@H](O)CN3CCN(CC3)c4ccccc4C,1591209,CHEMBL2449559,=,36.310000000000000000000000000000,nM
Cc1cccc(N2CCN(C[C@@H](O)COc3ccccc3[C@@H](O)CCc4ccccc4)CC2)c1C,1591210,CHEMBL2449559,=,83.180000000000000000000000000000,nM
CCC(=O)c1ccccc1OC[C@H](O)CN2CCN(CC2)c3ccc(F)cc3,1591211,CHEMBL2449559,=,831.760000000000000000000000000000,nM
CCC(=O)c1ccccc1OC[C@H](O)CN(C(C)C)C(C)C,1591212,CHEMBL2449559,=,4265.800000000000000000000000000000,nM
CCC(=O)c1ccccc1OC[C@H](O)CN2CCN(Cc3ccccc3)CC2,1591213,CHEMBL2449559,=,1445.440000000000000000000000000000,nM
CCC(=O)c1ccccc1OC[C@H](O)CN2CCN(CC2)c3ccccc3C,1591214,CHEMBL2449559,=,169.820000000000000000000000000000,nM
CCC(=O)c1ccccc1OC[C@H](O)CNCCC(c2ccccc2)c3ccccc3,1591215,CHEMBL2449559,=,120.230000000000000000000000000000,nM
CC(=O)c1cc(C)ccc1OC[C@H](O)CN2CCOCC2,1591216,CHEMBL2449559,=,12589.250000000000000000000000000000,nM
CC(C)N(C[C@@H](O)COc1ccc(C)cc1C(=O)C)C(C)C,1591217,CHEMBL2449559,=,6165.950000000000000000000000000000,nM
CC(=O)c1cc(C)ccc1OC[C@H](O)CN2CCN(CC2)c3ccc(F)cc3,1591218,CHEMBL2449559,=,3630.780000000000000000000000000000,nM
CC(=O)c1cc(C)ccc1OC[C@H](O)CN2CCN(CC2)c3cccc(C)c3C,1591219,CHEMBL2449559,=,331.130000000000000000000000000000,nM
Cc1ccc(OC[C@H](O)CN2CCCCC2)c(c1)C(=O)CCc3ccccc3,1591220,CHEMBL2449559,=,263.030000000000000000000000000000,nM
Cc1ccc(OC[C@H](O)CN2CCOCC2)c(c1)C(=O)CCc3ccccc3,1591221,CHEMBL2449559,=,1659.590000000000000000000000000000,nM
Cc1ccc(OC[C@H](O)CN2CCN(CC2)c3ccc(F)cc3)c(c1)C(=O)CCc4ccccc4,1591222,CHEMBL2449559,=,245.470000000000000000000000000000,nM
Cc1ccc(OC[C@H](O)CN2CCN(CC2)c3cccc(C)c3C)c(c1)C(=O)CCc4ccccc4,1591223,CHEMBL2449559,=,56.230000000000000000000000000000,nM
Cc1ccc(NC(=S)N2CCN(C[C@@H](O)COc3ccccc3C(=O)c4ccccc4)CC2)cc1,1591224,CHEMBL2449559,=,380.190000000000000000000000000000,nM
Cc1ccc(NC(=O)N2CCN(C[C@@H](O)COc3ccccc3C(=O)c4ccccc4)CC2)cc1,1591225,CHEMBL2449559,=,478.630000000000000000000000000000,nM
O[C@H](COc1ccccc1C(=O)c2ccccc2)CN3CCN(C[C@@H](O)COc4ccccc4C(=O)c5ccccc5)CC3,1591226,CHEMBL2449559,=,52.480000000000000000000000000000,nM
CC(=O)c1cc(C)ccc1OC[C@H](O)CN2CCN(C[C@H](O)COc3ccccc3C(=O)c4ccccc4)CC2,1591227,CHEMBL2449559,=,9549.930000000000000000000000000000,nM
COc1ccc(cc1)N2CCN(C[C@@H](O)COc3ccc(C)cc3C(=O)C)CC2,1591228,CHEMBL2449559,=,3467.370000000000000000000000000000,nM
CC(=O)c1cc(C)ccc1OC[C@H](O)CN2CCN(CC2)C(=O)Nc3ccc(C)cc3,1591229,CHEMBL2449559,=,7413.100000000000000000000000000000,nM
CC(=O)c1cc(C)ccc1OC[C@H](O)CN2CCN(CC2)c3ccc(C)cc3,1591230,CHEMBL2449559,=,3162.280000000000000000000000000000,nM
O[C@@H](COc1ccc(cc1)C(=O)c2ccccc2)CN3CCN(CC3)c4ccc(F)cc4,1591231,CHEMBL2449559,=,977.240000000000000000000000000000,nM
Cc1ccccc1N2CCN(C[C@@H](O)COc3ccc(cc3)C(=O)c4ccccc4)CC2,1591232,CHEMBL2449559,=,501.190000000000000000000000000000,nM
Cc1cccc(N2CCN(C[C@@H](O)COc3ccc(cc3)C(=O)c4ccccc4)CC2)c1C,1591233,CHEMBL2449559,=,660.690000000000000000000000000000,nM
CCC(=O)c1ccc(OC[C@H](O)CN2CCN(CC2)c3cccc(C)c3C)cc1,1591234,CHEMBL2449559,=,1412.540000000000000000000000000000,nM
CCC(=O)c1ccc(OC[C@H](O)CN2CCN(CC2)c3ccc(F)cc3)cc1,1591235,CHEMBL2449559,=,1445.440000000000000000000000000000,nM
CCC(=O)c1ccc(OC[C@H](O)CN2CCN(CC2)c3ccccc3C)cc1,1591236,CHEMBL2449559,=,870.960000000000000000000000000000,nM
CCC(=O)c1ccc(OC[C@H](O)CN2CCCCC2)cc1,1591237,CHEMBL2449559,=,33113.110000000000000000000000000000,nM
O[C@@H](COc1ccc(cc1)C(=O)CCc2cccc3ccccc23)CN4CCOCC4,1591238,CHEMBL2449559,=,1548.820000000000000000000000000000,nM
Cc1cccc(N2CCN(C[C@@H](O)COc3ccccc3C(=O)c4ccccc4)CC2)c1C,1591239,CHEMBL2449559,=,79.430000000000000000000000000000,nM
O[C@@H](COc1ccccc1C(=O)c2ccccc2)CN3CCOCC3,1591240,CHEMBL2449559,=,13489.630000000000000000000000000000,nM
O[C@@H](COc1ccccc1C(=O)CCc2cccc3ccccc23)CN4CCN(CC4)c5ccc(F)cc5,1591241,CHEMBL2449559,=,17.780000000000000000000000000000,nM
O[C@@H](COc1ccc(cc1)C(=O)c2ccccc2)CN3CCOCC3,1591242,CHEMBL2449559,=,5370.320000000000000000000000000000,nM
O[C@@H](COc1ccc(cc1)C(=O)c2ccccc2)CN3CCCCC3,1591243,CHEMBL2449559,=,2187.760000000000000000000000000000,nM
CCC(=O)c1ccc(OC[C@H](O)CN(C(C)C)C(C)C)cc1,1591244,CHEMBL2449559,=,7762.470000000000000000000000000000,nM
O[C@@H](COc1cccc(c1)C(=O)c2ccccc2)CN3CCN(CC3)c4ccc(F)cc4,1591245,CHEMBL2449559,=,575.440000000000000000000000000000,nM
Cc1cccc(N2CCN(C[C@@H](O)COc3cccc(c3)C(=O)c4ccccc4)CC2)c1C,1591246,CHEMBL2449559,=,173.780000000000000000000000000000,nM
O[C@@H](COc1cccc(c1)C(=O)c2ccccc2)CN3CCCCC3,1591247,CHEMBL2449559,=,3548.130000000000000000000000000000,nM
Cc1ccccc1N2CCN(C[C@@H](O)COc3cccc(c3)C(=O)c4ccccc4)CC2,1591248,CHEMBL2449559,=,204.170000000000000000000000000000,nM
Cc1cccc(N2CCN(C[C@@H](O)COc3ccc(cc3)C(=O)CCc4cccc5ccccc45)CC2)c1C,1591249,CHEMBL2449559,=,478.630000000000000000000000000000,nM
O[C@@H](COc1ccc(cc1)C(=O)CCc2cccc3ccccc23)CN4CCN(CC4)c5ccc(F)cc5,1591250,CHEMBL2449559,=,549.540000000000000000000000000000,nM
Cc1ccccc1N2CCN(C[C@@H](O)COc3ccc(cc3)C(=O)CCc4cccc5ccccc45)CC2,1591251,CHEMBL2449559,=,407.380000000000000000000000000000,nM
Cc1cccc(N2CCN(C[C@@H](O)COc3cccc(c3)C(=O)CCc4cccc5ccccc45)CC2)c1C,1591252,CHEMBL2449559,=,263.030000000000000000000000000000,nM
CC(C)N(C[C@@H](O)COc1ccc(cc1)C(=O)c2ccccc2)C(C)C,1591253,CHEMBL2449559,=,436.520000000000000000000000000000,nM
O[C@@H](COc1cccc(c1)C(=O)c2ccccc2)CN3CCOCC3,1591254,CHEMBL2449559,=,11481.540000000000000000000000000000,nM
O[C@@H](COc1ccc(cc1)C(=O)CCc2cccc3ccccc23)CN4CCCCC4,1591255,CHEMBL2449559,=,263.030000000000000000000000000000,nM
CC(C)N(C[C@@H](O)COc1ccc(cc1)C(=O)CCc2cccc3ccccc23)C(C)C,1591256,CHEMBL2449559,=,114.820000000000000000000000000000,nM
O[C@@H](COc1cccc(c1)C(=O)CCc2cccc3ccccc23)CN4CCOCC4,1591257,CHEMBL2449559,=,630.960000000000000000000000000000,nM
O[C@@H](COc1cccc(c1)C(=O)CCc2cccc3ccccc23)CN4CCCCC4,1591258,CHEMBL2449559,=,144.540000000000000000000000000000,nM
CC(C)N(C[C@@H](O)COc1cccc(c1)C(=O)CCc2cccc3ccccc23)C(C)C,1591259,CHEMBL2449559,=,58.880000000000000000000000000000,nM
CC(C)N(C[C@@H](O)CN1N(C(=O)C(=C1C)C(=O)c2ccccc2)c3ccccc3)C(C)C,1591260,CHEMBL2449559,=,15848.930000000000000000000000000000,nM
CC1=NN(C(=O)/C/1=C(\N2CCN(CC2)c3ccccc3C)/c4ccccc4)c5ccccc5,213821,CHEMBL2449559,=,676.080000000000000000000000000000,nM
CC1=C(C(=O)c2ccccc2)C(=O)N(N1C[C@H](O)CN3CCN(CC3)c4ccccc4C)c5ccccc5,1591261,CHEMBL2449559,=,891.250000000000000000000000000000,nM
CC(C)N(C[C@@H](O)CN1N(C)C(=O)C(=C1C)C(=O)c2ccccc2)C(C)C,1591262,CHEMBL2449559,=,23988.330000000000000000000000000000,nM
CC(C)N(C[C@@H](O)COc1c(C(=O)c2ccccc2)c(C)nn1C)C(C)C,1591263,CHEMBL2449559,=,1202.260000000000000000000000000000,nM
CC(C)N(C[C@@H](O)CN1N(C(=O)C(=C1C)[C@H](O)c2ccccc2)c3ccccc3)C(C)C,1591264,CHEMBL2449559,=,23988.330000000000000000000000000000,nM
CCCNc1c(C(=O)c2ccccc2)c(C)nn1c3ccccc3,213762,CHEMBL2449559,=,10964.780000000000000000000000000000,nM
CCC\N=C(\CCc1ccccc1)/[C@@H]2C(=NN(C2=O)c3ccccc3)C,1591265,CHEMBL2449559,=,3715.350000000000000000000000000000,nM
CCCNC[C@@H](O)CN1N(C(=O)C(=C1C)C(=O)CCc2ccccc2)c3ccccc3,1591266,CHEMBL2449559,=,6309.570000000000000000000000000000,nM
CCCNC[C@@H](O)CN1N(C(=O)C(=C1C)C(=O)c2ccccc2)c3ccccc3,1591267,CHEMBL2449559,=,186208.710000000000000000000000000000,nM
CC(C)NC[C@@H](O)CN1N(C(=O)C(=C1C)C(=O)CCc2ccccc2)c3ccccc3,1591268,CHEMBL2449559,=,11748.980000000000000000000000000000,nM
CC1=C(C(=O)CCc2ccccc2)C(=O)N(N1C[C@H](O)CNC(C)(C)C)c3ccccc3,1591269,CHEMBL2449559,=,7762.470000000000000000000000000000,nM
CCCCNC[C@@H](O)CN1N(C(=O)C(=C1C)C(=O)CCc2ccccc2)c3ccccc3,1591270,CHEMBL2449559,=,2691.530000000000000000000000000000,nM
CC1=C(C(=O)c2cccs2)C(=O)N(N1C[C@H](O)CNC(C)(C)C)c3ccccc3,1591271,CHEMBL2449559,=,72443.600000000000000000000000000000,nM
CC(C)NC[C@@H](O)CN1N(C(=O)C(=C1C)C(=O)c2cccs2)c3ccccc3,1591272,CHEMBL2449559,=,123026.880000000000000000000000000000,nM
CC(C)NC[C@@H](O)CN1N(C(=O)C(=C1C)C(=O)c2ccccc2)c3ccccc3,1591273,CHEMBL2449559,=,83176.380000000000000000000000000000,nM
CC1=C(C(=O)c2ccccc2)C(=O)N(N1C[C@H](O)CNC(C)(C)C)c3ccccc3,1591274,CHEMBL2449559,=,81283.050000000000000000000000000000,nM
CCCNC[C@@H](O)CN1N(C(=O)C(=C1C)C(=O)c2cccs2)c3ccccc3,1591275,CHEMBL2449559,=,95499.260000000000000000000000000000,nM
CCCNC[C@@H](O)COc1ccsc1C(=O)CCc2ccccc2,1591276,CHEMBL2449559,=,812.830000000000000000000000000000,nM
CC1(C)Oc2ccc(cc2[C@@H]([C@H]1O)N3CCN(Cc4ccccc4)CC3)C#N,89341,CHEMBL2449559,=,851.140000000000000000000000000000,nM
CN1CCO[C@@H]2[C@@H]1c3cc(ccc3OC2(C)C)C#N,1591277,CHEMBL2449559,=,61659.500000000000000000000000000000,nM
CC1(C)Oc2ccc(cc2[C@H]3[C@H]1OCCN3Cc4ccccc4)C#N,1591278,CHEMBL2449559,=,19498.450000000000000000000000000000,nM
CC(C)(C)OC(=O)CN[C@@H]1[C@@H](O)C(C)(C)Oc2ccc(cc12)C#N,89342,CHEMBL2449559,=,46773.510000000000000000000000000000,nM
CC(C)(C)OC(=O)CN(Cc1ccccc1)[C@@H]2[C@@H](O)C(C)(C)Oc3ccc(cc23)C#N,89311,CHEMBL2449559,=,1995.260000000000000000000000000000,nM
CN(CCO)[C@@H]1[C@@H](O)C(C)(C)Oc2ccc(cc12)C#N,1591279,CHEMBL2449559,=,97723.720000000000000000000000000000,nM
CC1(C)Oc2ccc(cc2[C@@H]([C@H]1O)N(CCO)Cc3ccccc3)C#N,1591280,CHEMBL2449559,=,5370.320000000000000000000000000000,nM
CC(C)[C@@H](N(C)[C@@H]1[C@@H](O)C(C)(C)Oc2ccc(cc12)C#N)C(=O)OC(C)(C)C,1591281,CHEMBL2449559,=,977.240000000000000000000000000000,nM
CC(C)[C@@H]1CO[C@@H]2[C@@H](N1)c3cc(ccc3OC2(C)C)C#N,1591282,CHEMBL2449559,=,48977.880000000000000000000000000000,nM
COc1ccccc1N2CCN(CC2)[C@@H]3[C@@H](O)[C@@H](C)N(C(=O)c4ccc(C)cc4)c5ccccc35,1591283,CHEMBL2449559,=,3548.130000000000000000000000000000,nM
CCN(CCO)[C@H]1[C@@H](O)[C@@H](C)N(C(=O)c2ccc(C)cc2)c3ccccc13,1591284,CHEMBL2449559,=,9120.110000000000000000000000000000,nM
C[C@@H]1[C@H](O)[C@H](N(CCO)Cc2ccccc2)c3ccccc3N1C(=O)c4ccc(C)cc4,1591285,CHEMBL2449559,=,1380.380000000000000000000000000000,nM
C[C@@H]1[C@H](O)[C@@H](NCc2ccccc2)c3ccccc3N1C(=O)c4ccc(C)cc4,1591286,CHEMBL2449559,=,3235.940000000000000000000000000000,nM
C[C@@H]1[C@H](O)[C@@H](N2CCN(Cc3ccccc3)CC2)c4ccccc4N1C(=O)c5ccc(C)cc5,1591287,CHEMBL2449559,=,426.580000000000000000000000000000,nM
C[C@@H]1[C@H](O)[C@H](N2CCCC2)c3ccccc3N1C(=O)c4ccc(C)cc4,1591288,CHEMBL2449559,=,7943.280000000000000000000000000000,nM
C[C@H]1Nc2ccccc2[C@H]([C@H]1OC(=O)c3ccc(C)cc3)N4CCCC4,1591289,CHEMBL2449559,=,4677.350000000000000000000000000000,nM
CCN(CC)CCC[C@H](C)N[C@H]1[C@@H](O)[C@@H](C)N(C(=O)c2ccc(C)cc2)c3ccccc13,1591290,CHEMBL2449559,=,2691.530000000000000000000000000000,nM
CCN(CC)CCC[C@H](C)N[C@H]1[C@@H](OC(=O)c2ccc(C)cc2)[C@@H](C)Nc3ccccc13,1591291,CHEMBL2449559,=,331.130000000000000000000000000000,nM
CC(C)[C@H](N[C@@H]1[C@@H](O)C(C)(C)Oc2ccc(cc12)C#N)C(=O)OC(C)(C)C,1591292,CHEMBL2449559,=,1778.280000000000000000000000000000,nM
CCc1ccc(cc1)N2[C@@H](Nc3ccccc3C2=O)c4ccc(OCC(C)C)cc4,1591293,CHEMBL2449559,=,1202.260000000000000000000000000000,nM
CCOc1ccc(cc1)N2[C@@H](Nc3ccccc3C2=O)c4ccc(cc4)N(C)C,1591294,CHEMBL2449559,=,25118.860000000000000000000000000000,nM
COc1ccc(cc1)[C@@H]2Nc3ccccc3C(=O)N2c4ccc(NC(=O)C)cc4,1591295,CHEMBL2449559,=,20892.960000000000000000000000000000,nM
COc1ccc(cc1)[C@@H]2Nc3ccccc3C(=O)N2c4ccc(Oc5ccccc5)cc4,1591296,CHEMBL2449559,=,1000.000000000000000000000000000000,nM
CC[C@H](C)c1ccc(cc1)N2[C@@H](Nc3ccccc3C2=O)c4ccc(OC)cc4,1591297,CHEMBL2449559,=,758.580000000000000000000000000000,nM
CC[C@H](C)c1ccc(cc1)N2[C@@H](Nc3ccccc3C2=O)c4ccc(cc4)C(C)C,1591298,CHEMBL2449559,=,288.400000000000000000000000000000,nM
CCCCSC1=NC2=C(C(=O)N1CC=C)C3(CCCC3)Cc4ccccc24,371317,CHEMBL2449559,=,3467.370000000000000000000000000000,nM
Clc1ccccc1c2nc(N3CCCC3)c4ccccc4n2,1591299,CHEMBL2449559,=,5888.440000000000000000000000000000,nM
CN(C)c1ccc(cc1)[C@H]2C(=C(N)Oc3[nH]nc(c4ccc(C)cc4)c23)C#N,1591300,CHEMBL2449559,=,3090.300000000000000000000000000000,nM
Fc1cccc(Cl)c1\C=N\NC(=O)C(=O)N2CCCCCC2,371381,CHEMBL2449559,=,158489.320000000000000000000000000000,nM
CC(=O)c1c(C)cc(C)c(CSc2nc3ccc(NC(=O)CCc4ccccc4)cc3s2)c1C,371500,CHEMBL2449559,=,302.000000000000000000000000000000,nM
CC(=O)c1c(C)cc(C)c(CSc2nc3ccc(NC(=O)c4ccc(cc4)C(C)(C)C)cc3s2)c1C,371332,CHEMBL2449559,=,281.840000000000000000000000000000,nM
CCCCOc1ccc(cc1)C(=O)Nc2ccc3nc(SCc4c(C)cc(C)c(C(=O)C)c4C)sc3c2,371289,CHEMBL2449559,=,97.720000000000000000000000000000,nM
CC(C)(C)c1ccc(cc1)N2[C@@H](Nc3ccccc3C2=O)c4ccc5OCOc5c4,1591301,CHEMBL2449559,=,741.310000000000000000000000000000,nM
CCOc1ccccc1NC(=O)C2=C(C)NC(=S)N[C@@H]2c3cccs3,1591302,CHEMBL2449559,=,8709.640000000000000000000000000000,nM
CCC(C)c1ccc(cc1)N2C(Nc3ccccc3C2=O)c4ccc(OC)cc4,371316,CHEMBL914418,=,760.000000000000000000000000000000,nM
CC(=O)c1ccc(OCC(O)CN2CCCCC2)cc1,243976,CHEMBL914418,=,49000.000000000000000000000000000000,nM
CC(=O)c1cccc(OCC(O)CN2CCOCC2)c1,243663,CHEMBL914418,=,128000.000000000000000000000000000000,nM
CCC(=O)c1ccccc1OCC(O)CN2CCOCC2,238220,CHEMBL914418,=,67000.000000000000000000000000000000,nM
CC(=O)c1ccccc1OCC(O)CN2CCOCC2,371453,CHEMBL914418,=,207000.000000000000000000000000000000,nM
CN(C)c1ccc(CCC(=O)c2ccccc2OCC(O)CN3CCN(CC3)c4ccccc4C)cc1,371452,CHEMBL914418,=,13.000000000000000000000000000000,nM
Cc1cccc(N2CCN(CC(O)COc3ccccc3C(=O)CCc4ccccc4)CC2)c1C,371431,CHEMBL914418,=,6.000000000000000000000000000000,nM
CC(C)(C)c1ccc(CSc2nc3ccc(NC(=O)c4ccc(cc4)C(C)(C)C)cc3s2)cc1,371509,CHEMBL914418,>,50000.000000000000000000000000000000,nM
CC(C)(C)c1ccc(cc1)C(=O)Nc2ccc3nc(SCc4cccc5ccccc45)sc3c2,371508,CHEMBL914418,>,20000.000000000000000000000000000000,nM
CC(=O)c1c(C)cc(C)c(CSc2nc3ccc(NC(=O)c4cccc5ccccc45)cc3s2)c1C,371501,CHEMBL914418,=,110.000000000000000000000000000000,nM
CC(=O)c1c(C)cc(C)c(CSc2nc3ccc(NC(=O)CCc4ccccc4)cc3s2)c1C,371500,CHEMBL914418,=,300.000000000000000000000000000000,nM
CCCCOc1ccc(cc1)C(=O)Nc2ccc3nc(SCc4c(C)cc(C)c(C(=O)C)c4C)sc3c2,371289,CHEMBL914418,=,97.000000000000000000000000000000,nM
CCC(C)c1ccc(cc1)N2C(Nc3ccccc3C2=O)c4ccc(cc4)C(C)C,371358,CHEMBL914418,=,290.000000000000000000000000000000,nM
CCC(C)c1ccc(cc1)C2Nc3ccccc3C(=O)N2c4ccc(Cl)cc4,371350,CHEMBL914418,=,820.000000000000000000000000000000,nM
CCc1ccc(cc1)N2C(Nc3ccccc3C2=O)c4ccc(OCc5ccccc5)cc4,371334,CHEMBL914418,>,100000.000000000000000000000000000000,nM
CCc1ccc(cc1)N2C(Nc3ccccc3C2=O)c4ccc(OCC(C)C)cc4,371326,CHEMBL914418,=,1210.000000000000000000000000000000,nM
CC(C)(C)c1ccc(cc1)N2C(Nc3ccccc3C2=O)c4ccc5OCOc5c4,371318,CHEMBL914418,=,730.000000000000000000000000000000,nM
COc1ccc(cc1)C2Nc3ccccc3C(=O)N2c4ccc(Oc5ccccc5)cc4,371305,CHEMBL914418,=,1000.000000000000000000000000000000,nM
CCOc1ccc(cc1)N2C(Nc3ccccc3C2=O)c4ccc(cc4)N(C)C,371282,CHEMBL914418,=,25130.000000000000000000000000000000,nM
COc1ccc(cc1)C2Nc3ccccc3C(=O)N2c4ccc(NC(=O)C)cc4,371270,CHEMBL914418,=,20930.000000000000000000000000000000,nM
CN(C)c1ccc(cc1)c2nc(nc(n2)C(F)(F)F)C(F)(F)F,371269,CHEMBL914418,>,100000.000000000000000000000000000000,nM
CCOCCOC(=O)c1ccc(N)cc1,371382,CHEMBL914418,=,311800.000000000000000000000000000000,nM
Fc1cccc(Cl)c1\C=N\NC(=O)C(=O)N2CCCCCC2,371381,CHEMBL914418,=,159300.000000000000000000000000000000,nM
COc1cccc(\C=N\NC(=O)C(=O)NC(C)(C)C)c1O,371380,CHEMBL914418,=,102200.000000000000000000000000000000,nM
CCOC(=O)C(=NNc1c(Cl)cc(Cl)cc1Cl)C(=O)OCC,371373,CHEMBL914418,=,17700.000000000000000000000000000000,nM
COc1ccc(CC(O)CO)cc1OC,371371,CHEMBL914418,>,500000.000000000000000000000000000000,nM
Cc1cc(C)n(n1)c2nnc(N\N=C/c3cccnc3)nn2,371355,CHEMBL914418,=,158300.000000000000000000000000000000,nM
Cn1cc(I)c(n1)C(=O)NNC(=O)c2ccnn2C,371340,CHEMBL914418,>,500000.000000000000000000000000000000,nM
CCOc1ccccc1NC(=O)C2=C(C)NC(=S)NC2c3cccs3,371333,CHEMBL914418,=,8770.000000000000000000000000000000,nM
CC(=O)c1c(C)cc(C)c(CSc2nc3ccc(NC(=O)c4ccc(cc4)C(C)(C)C)cc3s2)c1C,371332,CHEMBL914418,=,280.000000000000000000000000000000,nM
CN(C)c1ccc(cc1)C2C(=C(N)Oc3[nH]nc(c4ccc(C)cc4)c23)C#N,371325,CHEMBL914418,=,3080.000000000000000000000000000000,nM
Clc1ccccc1C2=NC3C=CC=CC3C(=N2)N4CCCC4,371324,CHEMBL914418,=,5940.000000000000000000000000000000,nM
COc1ccc(cc1)N2C(=S)NN=C2C3=NNC(=O)CC3,371323,CHEMBL914418,>,250000.000000000000000000000000000000,nM
CCCCSC1=NC2=C(C(=O)N1CC=C)C3(CCCC3)Cc4ccccc24,371317,CHEMBL914418,=,3500.000000000000000000000000000000,nM
CCCNCC(O)COc1ccccc1C(=O)CCc2ccccc2,27112,CHEMBL914418,=,329.000000000000000000000000000000,nM
OC(COc1ccccc1C(=O)CCc2ccccc2)CN3CCC(O)(CC3)c4ccccc4,243520,CHEMBL914418,=,58.000000000000000000000000000000,nM
OC(COc1ccccc1C(=O)CCc2ccccc2)CN3CCOCC3,153209,CHEMBL914418,=,3645.000000000000000000000000000000,nM
CCN(CC)CC(O)COc1ccccc1C(=O)c2ccccc2,152682,CHEMBL914418,=,2322.000000000000000000000000000000,nM
CCCN(C)CC(O)COc1ccccc1C(=O)CCc2ccccc2,153501,CHEMBL914418,=,416.000000000000000000000000000000,nM
CN(C)CC(O)COc1ccccc1C(=O)CCc2ccccc2,238279,CHEMBL914418,=,2479.000000000000000000000000000000,nM
CC(=O)c1ccccc1OCC(O)CN2CCN(CC2)c3ccc(F)cc3,238255,CHEMBL914418,=,2087.000000000000000000000000000000,nM
OC(COc1ccccc1C(=O)CCc2ccccc2)CN3CCN(CC3)c4ccc(F)cc4,153168,CHEMBL914418,=,70.000000000000000000000000000000,nM
OC(COc1ccccc1C(=O)CCc2ccccc2)CN3CCN(Cc4ccccc4)CC3,243963,CHEMBL914418,=,659.000000000000000000000000000000,nM
Cc1ccccc1N2CCN(CC(O)COc3ccccc3C(=O)CCc4ccccc4)CC2,153167,CHEMBL914418,=,27.000000000000000000000000000000,nM
COc1ccc(cc1)N2CCN(CC(O)COc3ccccc3C(=O)CCc4ccccc4)CC2,153604,CHEMBL914418,=,256.000000000000000000000000000000,nM
COc1cccc(c1)N2CCN(CC(O)COc3ccccc3C(=O)CCc4ccccc4)CC2,244049,CHEMBL914418,=,678.000000000000000000000000000000,nM
COc1ccccc1N2CCN(CC(O)COc3ccccc3C(=O)CCc4ccccc4)CC2,244190,CHEMBL914418,=,230.000000000000000000000000000000,nM
OC(COc1ccccc1C(=O)CCc2ccccc2)CN3CCN(CC3)c4ccccc4,244380,CHEMBL914418,=,610.000000000000000000000000000000,nM
CC(=O)c1ccccc1OCC(O)CN2CCCCC2,152683,CHEMBL914418,=,31960.000000000000000000000000000000,nM
CCC(=O)c1ccccc1OCC(O)CN2CCCCC2,243791,CHEMBL914418,=,14310.000000000000000000000000000000,nM
CC(C)N(CC(O)COc1ccccc1C(=O)CCc2ccccc2)C(C)C,153601,CHEMBL914418,=,377.000000000000000000000000000000,nM
OC(COc1ccccc1C(=O)CCc2ccccc2)CN3CCCCC3,153570,CHEMBL914418,=,599.000000000000000000000000000000,nM
CCN(CC)CC(O)COc1ccccc1C(=O)CCc2ccccc2,153502,CHEMBL914418,=,907.000000000000000000000000000000,nM
OC(COc1ccc(cc1)C(=O)CCc2ccccc2)CN3CCCCC3,243373,CHEMBL914418,=,972.000000000000000000000000000000,nM
Cc1ccccc1N2CCN(CC(O)COc3ccccc3C(=O)CCc4ccc(Cl)cc4)CC2,372333,CHEMBL914418,=,19.000000000000000000000000000000,nM
CC(=O)c1ccccc1OCC(O)CN2CCC(O)(CC2)c3ccccc3,244077,CHEMBL914418,=,3197.000000000000000000000000000000,nM
CC(=O)c1ccccc1OCC(O)CN2CCC(Cc3ccccc3)CC2,372328,CHEMBL914418,=,357.000000000000000000000000000000,nM
OC(COc1ccccc1C(=O)c2ccccc2)CN3CCN(CC3)c4ccc(F)cc4,243755,CHEMBL914418,=,147.000000000000000000000000000000,nM
OC(COc1ccccc1C(=O)c2ccccc2)CN3CCC(O)(CC3)c4ccccc4,243754,CHEMBL914418,=,307.000000000000000000000000000000,nM
CC(C)OC(CCc1ccccc1)c2ccccc2OCC(O)CN3CCCCC3,372325,CHEMBL914418,=,460.000000000000000000000000000000,nM
OC(COc1ccc(OCc2ccccc2)cc1C(=O)CCc3ccccc3)CN4CCN(Cc5ccccc5)CC4,243922,CHEMBL914418,=,116.000000000000000000000000000000,nM
CC(C)N(CC(O)COc1ccc(O)cc1C(=O)CCc2ccccc2)C(C)C,244546,CHEMBL914418,=,1036.000000000000000000000000000000,nM
OC(CNC1CCCCC1)COc2ccccc2C(=O)CCc3ccccc3,244247,CHEMBL914418,=,341.000000000000000000000000000000,nM
OC(CNc1ccccc1)COc2ccccc2C(=O)CCc3ccccc3,244351,CHEMBL914418,=,6467.000000000000000000000000000000,nM
OC(CNCCC(c1ccccc1)c2ccccc2)COc3ccccc3C(=O)CCc4ccccc4,243941,CHEMBL914418,=,717.000000000000000000000000000000,nM
OC(COc1ccc(O)cc1C(=O)CCc2ccccc2)CN3CCCCC3,243828,CHEMBL914418,=,1727.000000000000000000000000000000,nM
OC(COc1ccc(OCc2ccccc2)cc1C(=O)CCc3ccccc3)CN4CCCCC4,244419,CHEMBL914418,=,172.000000000000000000000000000000,nM
CCCNCC(O)COc1ccc(OCc2ccccc2)cc1C(=O)CCc3ccccc3,243826,CHEMBL914418,=,110.000000000000000000000000000000,nM
COC(CCc1ccccc1)c2ccccc2OCC(O)CN3CCOCC3,243609,CHEMBL914418,=,1807.000000000000000000000000000000,nM
OC(COc1ccccc1C(O)CCc2ccccc2)CN3CCOCC3,244127,CHEMBL914418,=,9540.000000000000000000000000000000,nM
COC(CCC1=CCCC=C1)c2ccccc2OCC(O)CNCCC(c3ccccc3)c4ccccc4,372302,CHEMBL914418,=,752.000000000000000000000000000000,nM
O=C(CCc1ccccc1)c2ccccc2OCCCCCCCCN3CCCCC3,372299,CHEMBL914418,=,137.000000000000000000000000000000,nM
O=C(CCc1ccccc1)c2ccccc2OCCCCCCCN3CCCCC3,372298,CHEMBL914418,=,179.000000000000000000000000000000,nM
O=C(CCc1ccccc1)c2ccccc2OCCCCCCN3CCCCC3,372371,CHEMBL914418,=,203.000000000000000000000000000000,nM
O=C(CCc1ccccc1)c2ccccc2OCCCCCN3CCCCC3,372370,CHEMBL914418,=,242.000000000000000000000000000000,nM
O=C(CCc1ccccc1)c2ccccc2OCCCCN3CCCCC3,372365,CHEMBL914418,=,533.000000000000000000000000000000,nM
O=C(CCc1ccccc1)c2ccccc2OCCN3CCCCC3,372364,CHEMBL914418,=,1452.000000000000000000000000000000,nM
O=C(CCc1ccccc1)c2ccccc2OCCCN3CCCCC3,372358,CHEMBL914418,=,651.000000000000000000000000000000,nM
OC(CNCCC(c1ccccc1)c2ccccc2)COc3ccccc3C(=O)CCc4cccc5ccccc45,244553,CHEMBL914418,=,723.000000000000000000000000000000,nM
OC(COc1ccccc1C(=O)CCc2ccccc2)CN(C(c3ccccc3)c4ccccc4)C(c5ccccc5)c6ccccc6,372312,CHEMBL914418,=,10400.000000000000000000000000000000,nM
OC(CNCC(c1ccccc1)c2ccccc2)COc3ccccc3C(=O)CCc4ccccc4,244547,CHEMBL914418,=,797.000000000000000000000000000000,nM
OC(COc1ccccc1C(=O)CCc2cccc3ccccc23)CN4CCCCC4,244046,CHEMBL914418,=,172.000000000000000000000000000000,nM
COC(CCc1ccccc1)c2ccccc2OCC(O)CN(C(C)C)C(C)C,244124,CHEMBL914418,=,658.000000000000000000000000000000,nM
CC(C)N(CC(O)COc1ccccc1C(O)CCc2ccccc2)C(C)C,244044,CHEMBL914418,=,1741.000000000000000000000000000000,nM
CC(C)N(CC(O)COc1ccc(cc1)C(=O)CCc2ccccc2)C(C)C,243397,CHEMBL914418,=,915.000000000000000000000000000000,nM
OC(COc1cccc(c1)C(=O)CCc2ccccc2)CN3CCN(CC3)c4ccc(F)cc4,244516,CHEMBL914418,=,1120.000000000000000000000000000000,nM
COC(CCc1ccccc1)c2ccccc2OCC(O)CN3CCN(CC3)c4ccc(F)cc4,244125,CHEMBL914418,=,226.000000000000000000000000000000,nM
OC(COc1ccccc1C(O)CCc2ccccc2)CN3CCN(CC3)c4ccc(F)cc4,243399,CHEMBL914418,=,671.000000000000000000000000000000,nM
OC(COc1ccc(cc1)C(=O)CCc2ccccc2)CN3CCOCC3,243803,CHEMBL914418,=,6875.000000000000000000000000000000,nM
OC(COc1cccc(c1)C(=O)CCc2ccccc2)CN3CCCCC3,244517,CHEMBL914418,=,424.000000000000000000000000000000,nM
OC(COc1ccc(cc1)C(=O)CCc2ccccc2)CN3CCN(CC3)c4ccc(F)cc4,243398,CHEMBL914418,=,2535.000000000000000000000000000000,nM
CCCNCC(O)COc1ccc(O)cc1C(=O)CCc2ccccc2,243859,CHEMBL914418,=,3021.000000000000000000000000000000,nM
OC(COc1ccccc1C(=O)CCc2ccccc2)CN3CCC(Cc4ccccc4)CC3,372321,CHEMBL914418,=,259.000000000000000000000000000000,nM
COc1ccccc1N2CCN(CC(O)c3oc4ccccc4c3CCc5ccccc5)CC2,238309,CHEMBL914418,=,177.000000000000000000000000000000,nM
CCCNC[C@@H](O)c1oc2ccccc2c1CCc3ccccc3,372316,CHEMBL914418,=,1103.000000000000000000000000000000,nM
CCCNC[C@H](O)c1oc2ccccc2c1CCc3ccccc3,372315,CHEMBL914418,=,1059.000000000000000000000000000000,nM
CCCNCC(O)c1oc2ccccc2c1CC,238219,CHEMBL914418,=,11520.000000000000000000000000000000,nM
C(Cc1oc2ccccc2c1CCc3ccccc3)N4CCCCC4,372311,CHEMBL914418,=,980.000000000000000000000000000000,nM
COC(CCc1ccccc1)c2ccccc2OCC(O)CN3CCCCC3,244126,CHEMBL914418,=,173.000000000000000000000000000000,nM
OC(COc1ccccc1C(O)CCc2ccccc2)CN3CCCCC3,243521,CHEMBL914418,=,901.000000000000000000000000000000,nM
Cc1ccc(CCC(=O)c2ccccc2OCC(O)CN3CCN(CC3)c4ccccc4C)cc1,372337,CHEMBL914418,=,18.000000000000000000000000000000,nM
OC(CNCCC(c1ccccc1)c2ccccc2)COc3ccc(cc3)C(=O)CCc4ccccc4,372320,CHEMBL914418,=,505.000000000000000000000000000000,nM
OC(COc1cccc(c1)C(=O)CCc2ccccc2)CN3CCOCC3,372319,CHEMBL914418,=,3475.000000000000000000000000000000,nM
Cc1cccc(N2CCN(CC(O)COc3cccc(c3)C(=O)CCc4ccccc4)CC2)c1C,372314,CHEMBL914418,=,137.000000000000000000000000000000,nM
OC(CNCCC(c1ccccc1)c2ccccc2)COc3cccc(c3)C(=O)CCc4ccccc4,372313,CHEMBL914418,=,190.000000000000000000000000000000,nM
Cc1ccccc1N2CCN(CC(O)COc3cccc(c3)C(=O)CCc4ccccc4)CC2,372310,CHEMBL914418,=,74.000000000000000000000000000000,nM
CC(=O)c1ccc(OCC(O)CNCCC(c2ccccc2)c3ccccc3)cc1,372309,CHEMBL914418,=,178.000000000000000000000000000000,nM
COc1ccc(C(=O)CCc2ccc(cc2)N(C)C)c(OCC(O)CN3CCN(CC3)c4ccccc4C)c1,372304,CHEMBL914418,=,40.000000000000000000000000000000,nM
CC(=O)c1cc(Cl)c(Cl)cc1OCC(O)CN2CCN(CC2)c3ccccc3C,372303,CHEMBL914418,=,125.000000000000000000000000000000,nM
CC(=O)c1ccc(C)cc1OCC(O)CN2CCN(CC2)c3ccccc3C,372301,CHEMBL914418,=,162.000000000000000000000000000000,nM
CC(=O)c1ccccc1OCC(O)CN2CCN(CC2)c3ccccc3C,372300,CHEMBL914418,=,249.000000000000000000000000000000,nM
CC(=O)c1cc(C(=O)C)c(OCC(O)CN2CCN(CC2)c3ccccc3C)cc1C,372297,CHEMBL914418,=,211.000000000000000000000000000000,nM
CC(=O)c1cc(C)ccc1OCC(O)CN2CCN(CC2)c3ccccc3C,372296,CHEMBL914418,=,396.000000000000000000000000000000,nM
COc1ccc(OCC(O)CN2CCN(CC2)c3ccccc3C)c(c1)C(=O)C,372375,CHEMBL914418,=,859.000000000000000000000000000000,nM
COc1ccc(C(=O)CCc2ccccc2)c(OCC(O)CN3CCN(CC3)c4ccccc4C)c1,372374,CHEMBL914418,=,296.000000000000000000000000000000,nM
Cc1cccc(N2CCN(CC(O)COc3ccc(cc3)C(=O)CCc4ccccc4)CC2)c1C,372369,CHEMBL914418,=,227.000000000000000000000000000000,nM
CC(=O)c1ccccc1OCC(O)CN2CCN(CC2)c3cccc(C)c3C,372368,CHEMBL914418,=,200.000000000000000000000000000000,nM
CC(=O)c1cccc(OCC(O)CN2CCN(CC2)c3ccccc3C)c1,372363,CHEMBL914418,=,537.000000000000000000000000000000,nM
CC1C(CN2CCCCC2)Oc3ccccc13,372362,CHEMBL914418,=,48920.000000000000000000000000000000,nM
C(Cc1ccccc1)C2C(CN3CCCCC3)Oc4ccccc24,372361,CHEMBL914418,=,1619.000000000000000000000000000000,nM
CC1C(Oc2ccccc12)C(=O)N3CCCCC3,372352,CHEMBL914418,=,103600.000000000000000000000000000000,nM
O=C(C1Oc2ccccc2C1CCc3ccccc3)N4CCCCC4,372351,CHEMBL914418,=,6658.000000000000000000000000000000,nM
CC(=O)c1cccc(OCC(=O)CN2CCN(CC2)c3cccc(C)c3C)c1,372350,CHEMBL914418,=,379.000000000000000000000000000000,nM
CC(=O)c1ccc(OCC(O)CN2CCN(CC2)c3ccccc3C)cc1,372345,CHEMBL914418,=,1550.000000000000000000000000000000,nM
CC(=O)c1ccc(OCC(O)CN2CCN(CC2)c3cccc(C)c3C)cc1,372344,CHEMBL914418,=,1349.000000000000000000000000000000,nM
OC(=O)COc1ccccc1C(=O)CCc2ccccc2,372341,CHEMBL914418,=,1588000.000000000000000000000000000000,nM
CCOC(=O)COc1ccccc1C(=O)CCc2ccccc2,372340,CHEMBL914418,=,23180.000000000000000000000000000000,nM
O=C1CC(CN2CCCCC2)Oc3ccccc13,372339,CHEMBL914418,=,176300.000000000000000000000000000000,nM
Cc1ccc(N2CCN(CC(O)COc3cccc4CC(Cc5ccccc5)C(=O)c34)CC2)c(C)c1,372335,CHEMBL914418,=,167.000000000000000000000000000000,nM
OC(COc1cccc2C(=O)C(Cc3ccccc3)Cc12)CN4CCCCC4,372334,CHEMBL914418,=,142.000000000000000000000000000000,nM
OC(COc1cccc2CC(Cc3ccccc3)C(=O)c12)CN4CCCCC4,372330,CHEMBL914418,=,212.000000000000000000000000000000,nM
OC(COc1cccc2C(=O)CCc12)CN3CCCCC3,372329,CHEMBL914418,=,11190.000000000000000000000000000000,nM
CC(C)(C)C(NCC(O)COc1ccccc1C(=O)CCc2ccccc2)c3ccccc3,372327,CHEMBL914418,=,292.000000000000000000000000000000,nM
CC1Cc2cccc(OCC(O)CN3CCCCC3)c2C1=O,372326,CHEMBL914418,=,9684.000000000000000000000000000000,nM
CC(=O)c1cc(C)ccc1OCC(O)CN2CCCCC2,372323,CHEMBL914418,=,5470.000000000000000000000000000000,nM
Cc1ccccc1N2CCN(CC(O)COc3cc(Cl)c(Cl)cc3C(=O)CCc4ccccc4)CC2,372322,CHEMBL914418,=,17.000000000000000000000000000000,nM
OC(CNC(C1CCCCC1)c2ccccc2)COc3ccccc3C(=O)CCc4ccccc4,372318,CHEMBL914418,=,145.000000000000000000000000000000,nM
CC(C)C(NCC(O)COc1ccccc1C(=O)CCc2ccccc2)c3ccccc3,372317,CHEMBL914418,=,210.000000000000000000000000000000,nM
CC(=O)c1ccc(OCC(O)CN2CCOCC2)cc1,244559,CHEMBL914418,=,302100.000000000000000000000000000000,nM
CC(=O)c1ccc(OCC(O)CN2CCN(CC2)c3ccc(F)cc3)cc1,244560,CHEMBL914418,=,11890.000000000000000000000000000000,nM
OC(COc1ccccc1C(=O)CCc2ccccc2)CN3CCN(CC3)C(=O)c4ccccc4,372308,CHEMBL914418,=,130.000000000000000000000000000000,nM
CC(=O)c1cccc(OCC(O)CN2CCN(CC2)c3ccc(F)cc3)c1,243664,CHEMBL914418,=,10070.000000000000000000000000000000,nM
CC(=O)c1cccc(OCC(O)CN2CCCCC2)c1,244482,CHEMBL914418,=,9073.000000000000000000000000000000,nM
OC(COc1ccccc1C(=O)CCc2cccc3ccccc23)CN4CCC(O)(CC4)c5ccccc5,244485,CHEMBL914418,=,75.000000000000000000000000000000,nM
CCC(=O)c1ccccc1OCC(O)CN2CCC(O)(CC2)c3ccccc3,243757,CHEMBL914418,=,299.000000000000000000000000000000,nM
CC(C)N(CC(O)COc1ccccc1C(=O)CCc2cccc3ccccc23)C(C)C,244521,CHEMBL914418,=,465.000000000000000000000000000000,nM
OC(COc1ccccc1C(=O)CCc2cccc3ccccc23)CN4CCOCC4,244518,CHEMBL914418,=,730.000000000000000000000000000000,nM
CCCN(CC(O)COc1ccccc1C(=O)CCc2ccccc2)C(=O)c3ccccc3,372295,CHEMBL914418,=,1686.000000000000000000000000000000,nM
Fc1ccc(cc1)N2CCN(CCCCOc3ccccc3C(=O)CCc4ccccc4)CC2,372373,CHEMBL914418,=,192.000000000000000000000000000000,nM
O=C(CCc1ccccc1)c2ccccc2OCCCCN3CCOCC3,372372,CHEMBL914418,=,1006.000000000000000000000000000000,nM
CCC(=O)N(CC(O)COc1ccccc1C(=O)CCc2ccccc2)Cc3ccccc3,372367,CHEMBL914418,=,1649.000000000000000000000000000000,nM
OC(CNc1ccc(cc1)[N+](=O)[O-])COc2ccccc2C(=O)CCc3ccccc3,372366,CHEMBL914418,=,2568.000000000000000000000000000000,nM
OC(CNc1ccc(cc1)C(F)(F)F)COc2ccccc2C(=O)CCc3ccccc3,372360,CHEMBL914418,=,8490.000000000000000000000000000000,nM
Cc1ccc(OCC(O)CN2CCN(CC2)c3ccccc3C)c(c1)C(=O)CCc4ccccc4,372359,CHEMBL914418,=,26.000000000000000000000000000000,nM
COc1ccc(OCC(O)CN2CCN(CC2)c3ccccc3C)c(c1)C(=O)CCc4ccccc4,372349,CHEMBL914418,=,179.000000000000000000000000000000,nM
Cc1ccccc1N2CCN(CC(O)COc3ccc(Cl)cc3C(=O)CCc4ccccc4)CC2,372348,CHEMBL914418,=,59.000000000000000000000000000000,nM
COC(=O)c1ccc(NCC(O)COc2ccccc2C(=O)CCc3ccccc3)cc1,244192,CHEMBL914418,=,1536.000000000000000000000000000000,nM
CC(=O)OC(COc1ccccc1C(=O)CCc2ccccc2)CN3CCCCC3,372343,CHEMBL914418,=,336.000000000000000000000000000000,nM
COc1ccc(CCC(=O)c2ccccc2OCC(O)CN3CCN(CC3)c4ccccc4C)cc1,372338,CHEMBL914418,=,14.000000000000000000000000000000,nM
