NAME,VAL
1570605,39.8107
73397,6.30957
3235560,6.30957
3235562,0.501187
3235565,39.8107
3235564,0.794328
3180819,7.07946
1565837,5.01187
2831718,2.23872
2733525,22.10605
3036289,2.62
11958390,0.794328
2959173,10.0
5378674,7.07946
2217311,0.398107
3240817,0.398107
6095481,12.5893
3239359,5.01187
2929631,14.1254
3234167,39.8107
3234165,0.158489
3234162,1.25893
3234160,19.9526
3234161,19.9526
1482756,22.3872
3240102,35.4813
298391,0.630957
2793146,6.30957
682802,31.6228
3245883,0.501187
6603740,5.227585
6603742,0.158489
6603748,39.8107
54686761,4.46684
1365490,0.0354813
2230147,14.1254
2230146,22.3872
1994324,25.1189
2842874,0.1
5766359,8.91251
1894994,14.1254
3013166,0.00630957
2302374,15.8489
3234578,25.1189
3246286,0.125893
3234577,3.16228
3234576,25.1189
3234571,25.1189
3233374,39.8107
3234572,39.8107
3519,0.125893
719755,12.5893
11980904,6.30957
2689,25.1189
3242503,15.8489
268638,1.0
6066776,1.99526
6066774,25.1189
4614034,8.91251
3229174,10.0
6413218,12.5893
4336830,6.30957
4549642,3.16228
1022009,15.8489
6604719,0.125893
9551617,15.8489
3233248,7.94328
3233715,15.8489
3233245,1.99526
3233242,39.8107
3233712,7.94328
3233241,10.0
660546,4.46684
1472407,3.54813
1735073,22.3872
2830094,10.0
3243676,3.16228
2855584,0.112202
3103429,14.1254
5771690,3.98107
2882867,10.0
3244907,15.8489
3244905,3.54813
7184,12.5893
16758743,3.16228
11958561,0.1
1098144,12.5893
4650172,11.2202
859016,7.94328
16758299,6.30957
5103771,7.07946
3570389,22.3872
2907732,17.7828
5333096,12.5893
9549619,11.2202
2851650,15.8489
3235719,12.5893
11958705,11.2202
11958701,39.8107
2999101,2.81838
3595012,25.1189
653914,11.2202
3232790,1.99526
5149140,7.94328
107896,3.98107
182593,0.125893
3764897,10.0
16758752,3.16228
3232838,15.8489
3232839,10.0
1402105,8.91251
2605165,7.94328
16758280,3.16228
3232832,1.25893
3232833,31.6228
3232831,19.9526
3232834,15.8489
679916,0.177828
2885841,8.91251
32224,0.0398107
2866118,25.1189
1846661,14.1254
4621,3.16228
4629,3.98107
1309483,31.6228
5346232,15.8489
679873,1.41254
702389,3.16228
2016912,28.1838
4859833,39.8107
413484,1.99526
3721751,19.9526
2267686,8.91251
2267687,14.1254
2872630,0.354813
1968992,25.1189
71212,12.5893
6896805,0.0251189
408290,3.98107
3242995,10.0
1487353,8.91251
6815,3.98107
3278071,7.07946
11957285,17.7828
5322334,17.7828
5372683,10.0
3236663,39.8107
2981354,12.5893
3233013,0.1
3233012,1.58489
3233010,10.0
3233017,10.0
3233016,3.98107
3234290,6.30957
3233018,15.8489
3234295,12.5893
3234296,31.6228
9556577,2.51189
3232632,19.9526
3232634,39.8107
3232637,39.8107
11957131,0.316228
11957133,15.8489
5512458,14.1254
3236529,14.1254
3234743,19.9526
3234740,7.94328
3234747,39.8107
3234745,0.0398107
3238675,14.1254
3212955,22.3872
108107,10.430385
3626837,31.6228
6604385,6.30957
688469,10.430385
6604380,10.0
3716916,15.8489
3716917,17.7828
5332627,8.91251
2079023,1.12202
9566812,7.07946
5459504,12.5893
5459507,15.8489
5459501,12.5893
5459500,12.5893
5459502,25.1189
3235369,12.5893
3235368,10.0
3235365,10.0
3243314,14.1254
3235363,1.25893
3233901,12.5893
3233900,31.6228
3233905,15.8489
3233904,39.8107
6604038,25.1189
3233909,7.94328
3233908,12.5893
6604035,3.98107
6604030,0.329838
6604031,39.8107
3237217,10.0
3233185,10.0
1475811,0.707946
3233507,2.51189
3233637,3.98107
4298774,7.94328
3235502,12.5893
677049,0.316228
3235507,31.6228
3235506,10.0
3235504,10.0
6604302,0.316228
644213,10.0
2968971,39.8107
2884523,6.30957
2884521,0.891251
2951421,7.07946
559643,3.98107
3520283,14.1254
5981432,19.9526
409027,0.316228
1221964,7.94328
16231,19.9526
5464763,3.16228
3234108,12.5893
3232994,5.01187
3232996,12.5893
234909,3.16228
3232992,3.98107
3234102,3.16228
3234105,39.8107
1483131,15.8489
5909558,28.1838
6603729,12.5893
5348064,15.8489
6603723,5.01187
6603721,12.5893
6603727,0.8716895
6603726,0.125893
6603725,0.630957
3233251,39.8107
2204633,2.81838
4573654,7.94328
824053,14.1254
3234380,19.9526
2531714,0.630957
5311200,11.89609
3242293,25.1189
1746062,3.16228
3538,28.37085
726885,3.16228
222760,7.94328
9551982,28.1838
9551983,15.8489
5389566,28.1838
5389205,28.1838
931273,25.1189
3246008,3.16228
920396,35.4813
6101692,31.6228
6604557,12.5893
6604556,2.51189
4625332,19.9526
175533,0.316228
3608992,12.5893
3233736,15.8489
1568082,6.30957
3233735,19.9526
6604731,0.630957
6604730,0.398107
6604733,31.6228
3233731,39.8107
662011,4.46684
6604739,0.0125893
3233738,7.94328
3233228,31.6228
3233225,7.94328
3233226,31.6228
3233227,12.5893
5188751,0.0223872
805524,10.0
296473,3.98107
3193591,0.446684
3233986,10.0
727028,25.1189
56642946,25.1189
1150,31.6228
651607,1.0
3243650,19.9526
651603,7.94328
238856,3.16228
3233745,19.9526
6604046,3.98107
3147109,12.5893
792950,7.07946
848358,15.8489
5731923,4.46684
656216,10.0
843984,1.25893
998857,8.91251
2238533,17.7828
3234829,19.9526
3234826,10.0
3234824,25.1189
3234823,7.94328
3234822,10.0
3234821,10.0
4299,31.6228
777053,15.8489
443371,3.16228
2883512,15.8489
16758734,3.98107
3233748,19.9526
2887603,0.0125893
9581768,28.1838
3235195,12.5893
3235197,15.8489
3235190,39.8107
3235193,3.98107
731641,12.5893
3235199,39.8107
5458244,5.01187
11958727,0.0707946
9638237,0.630957
1471768,10.0
2012165,1.25893
4163426,19.9526
1190196,3.54813
5936093,3.54813
3245387,8.91251
2845213,3.54813
2766428,15.8489
3237849,0.177828
2039735,19.9526
9563791,2.81838
3239705,14.1254
233979,1.99526
2726,0.278298
3119182,7.94328
70583,0.501187
3233856,12.5893
2949518,15.8489
655866,4.46684
11948915,3.98107
3232588,15.8489
2086786,25.1189
867822,7.94328
3236649,15.8489
6901077,11.2202
1437901,25.1189
3233037,12.5893
3233036,39.8107
3233030,19.9526
6604944,19.9526
3233032,6.30957
3232619,15.8489
3232612,7.94328
3232610,2.51189
3232617,15.8489
2155329,8.91251
1701,39.8107
5265,1.69892666667
5393145,0.251189
2161090,14.1254
860305,7.94328
3238616,17.7828
3098751,15.8489
1541054,0.0794328
1541053,2.23872
415609,3.16228
3242715,31.6228
3242716,7.94328
3242710,7.94328
688441,39.8107
3242712,15.8489
3233691,7.94328
3233690,12.5893
3233693,19.9526
3233696,3.98107
3025,7.94328
1463915,14.1254
660660,0.112202
4199,7.94328
3233526,7.94328
3235349,12.5893
3235341,39.8107
3235342,10.0
3235347,10.0
3233968,7.94328
3235450,7.94328
3233963,19.9526
6604051,15.8489
3233961,5.01187
3233960,1.0
3233967,39.8107
3233966,25.1189
3233965,2.51189
659575,25.1189
2941207,0.354813
5771710,1.99526
3235525,12.5893
3235524,3.98107
3235527,19.9526
3235526,15.8489
3235521,0.398107
244996,3.98107
3235528,31.6228
3216679,15.8489
1367993,15.8489
3157311,14.1254
2831754,17.7828
2967412,0.125893
2978600,14.1254
232736,3.98107
5458656,4.41073
11957121,3.16228
3960826,1.0
6759,12.5893
2947140,28.1838
6602710,10.0
92766,20.1559435
2978939,15.8489
9551614,0.251189
2238272,7.94328
3233247,2.51189
3234129,0.0794328
678668,3.98107
3232979,19.9526
3232978,39.8107
3232977,31.6228
3232972,1.58489
3232971,15.8489
6604715,1.99526
3233713,25.1189
6603703,31.6228
734553,12.5893
1257248,0.794328
983887,31.6228
3242279,28.1838
3242274,19.9526
2998040,10.0
5073,5.55278
3218172,0.398107
3225118,7.94328
1476742,17.7828
3245595,19.9526
6604533,1.0
3105009,0.199526
5386259,0.0354813
5387,5.01187
6604539,5.01187
790786,12.5893
3246020,3.98107
2120718,31.6228
1756,39.8107
54687453,0.1
4605800,0.199526
3239068,25.1189
3233750,3.16228
3233751,39.8107
6604289,3.16228
3233755,12.5893
3233204,5.01187
3233205,19.9526
3233759,19.9526
664974,1.0
23975045,22.3872
3978672,10.0
769614,3.16228
15136,31.6228
3243636,25.1189
2288767,7.07946
3217884,5.01187
3234464,10.0
3234463,0.1
3234462,19.9526
3234469,19.9526
3247290,12.5893
656232,0.00707946
3236319,22.3872
2932002,1.99526
3234808,25.1189
4149975,5.62341
3234801,39.8107
3234803,19.9526
3234802,0.251189
3234807,0.158489
3234806,19.9526
4142111,28.1838
3235453,19.9526
16758242,2.51189
16758716,3.16228
16758246,3.16228
3233984,12.5893
3235142,12.5893
3524600,17.7828
240684,2.51189
2836220,35.4813
2960486,15.8489
6603138,15.8489
423416,1.58489
241482,2.51189
2982322,3.98107
3220716,6.30957
5292846,12.5893
2703,25.1189
1096495,0.0562341
9563838,14.1254
2867713,4.46684
665964,15.8489
522335,0.501187
5392010,1.99526
2950036,3.16228
1480803,12.5893
3238054,10.0
2480666,5.62341
3234256,5.01187
3234257,0.251189
3234252,39.8107
3234253,10.0
134117,0.125893
3234786,12.5893
3234787,10.0
3234784,1.99526
979802,15.8489
3234782,5.01187
3234780,39.8107
1548976,0.630957
6604024,8.800585
2870139,5.01187
1727,0.0630957
132846,0.0501187
3593687,12.5893
698373,12.5893
1254592,2.51189
415629,3.98107
3242738,14.1254
4877285,14.1254
91430,3.16228
3148114,15.8489
3325793,0.794328
6604451,5.01187
1887373,15.8489
3243283,8.91251
3243287,39.8107
3235322,19.9526
3235321,25.1189
3235320,15.8489
3235325,10.0
3235324,3.16228
3235329,10.0
3235328,12.5893
3233417,39.8107
3233944,3.98107
3233947,0.316228
3233414,0.158489
3233413,19.9526
3233940,3.16228
3233943,19.9526
3233942,3.16228
1266500,17.7828
6178111,10.0
3233949,6.30957
3237253,15.8489
4555838,0.1
4564402,0.199526
4544025,17.7828
3233833,3.16228
5771734,14.1254
425818,3.98107
5433464,11.2202
1451796,5.01187
6713880,3.16228
3233161,3.98107
11958881,14.1254
11958883,14.1254
4359989,7.94328
11958885,0.223872
6603898,1.0
748441,6.30957
6603895,0.630957
6603897,12.5893
6603896,0.0630957
6603891,8.716895
6603890,10.0
3152148,15.8489
4239764,0.0398107
9593639,0.794328
16758496,3.98107
3236121,25.1189
107935,0.0630957
5395106,7.94328
4276794,10.0
3232959,39.8107
3232958,12.5893
3232951,3.16228
3232953,1.25893
3232954,7.94328
3232957,15.8489
3232956,15.8489
3351955,14.1254
5280953,7.94328
3320059,19.9526
16758503,3.16228
16758507,3.98107
3646,3.98107
162302,2.51189
94280,3.98107
972980,8.91251
1476586,14.1254
3241070,6.30957
1143970,31.6228
962255,5.01187
6401820,7.94328
3246041,2.51189
573971,2.51189
3246043,0.630957
3246044,1.0
3246045,3.16228
3246046,0.0630957
1512090,2.23872
5054259,14.1254
9551850,2.23872
9551851,3.16228
2533203,17.7828
3233771,25.1189
9551859,3.98107
1472461,1.58489
3247317,6.30957
3247315,25.1189
3247313,39.8107
3243615,31.6228
3247319,10.0
3247318,19.9526
417855,1.99526
54678960,10.0
6297652,25.1189
3149456,10.0
3244960,7.07946
3234441,25.1189
3234440,5.01187
3234442,39.8107
3234445,3.98107
3234446,39.8107
3234448,2.51189
5461606,39.8107
231799,3.98107
751460,11.2202
852636,19.9526
133633,0.316228
250569,5.01187
5770102,25.1189
2192957,4.46684
1449,19.9526
3166020,0.398107
2979944,39.8107
324932,31.6228
11958508,10.0
1258752,17.7828
3851062,5.01187
779825,0.354813
4788,39.8107
199500,1.99526
3234863,2.51189
3234862,0.630957
308396,3.16228
3234864,3.16228
3234868,39.8107
1472265,35.4813
6604277,0.125893
1964425,14.1254
2375060,1.25893
3773884,14.1254
6604272,0.316228
6618777,0.562341
121930,12.5893
9552001,14.1254
9552004,14.1254
16758261,3.98107
2250975,0.158489
2213707,17.7828
1266366,8.91251
933131,1.0
3965311,39.8107
929670,14.1254
3240062,1.41254
3245920,8.91251
3245926,12.5893
6862797,7.94328
2468640,11.2202
2765,15.065385
1608349,25.1189
2085531,28.1838
3246691,1.25893
3288722,3.16228
585328,15.8489
1266946,0.354813
3236689,28.1838
3234277,19.9526
5340523,5.01187
3234272,12.5893
5281878,18.966185
4191632,4.46684
3842239,19.9526
9562082,12.5893
3456,1.414059
4682448,11.2202
1449293,19.9526
3033677,10.0
1548912,12.5893
1548910,10.0
4814222,14.1254
9551843,2.81838
864377,1.99526
3767066,15.8489
11957268,15.8489
3711299,2.23872
9595233,3.16228
11957260,14.1254
3247074,39.8107
3247075,7.94328
6604894,25.1189
6604895,0.0794328
2113180,12.5893
234810,3.16228
94423,7.94328
1472878,15.8489
3235909,19.9526
3235309,0.0794328
3235308,10.0
3235658,31.6228
3235305,39.8107
11836085,0.794328
3235302,39.8107
826461,15.8489
3233432,7.94328
3233434,10.0
3233437,15.8489
876358,14.1254
6604095,39.8107
6604097,39.8107
6604091,31.6228
2434657,3.16228
2283201,19.9526
3103509,8.91251
2299290,11.2202
2256906,3.16228
3134119,10.0
3233192,25.1189
3244753,22.3872
3233622,12.5893
328931,3.98107
3233623,25.1189
2973964,0.0354813
1549764,0.794328
2764741,39.8107
9556115,6.30957
9556110,3.98107
9556113,3.98107
653567,39.8107
1477616,10.0
3236109,1.41254
3232937,10.0
3232936,19.9526
3232934,25.1189
3232939,19.9526
1489229,14.1254
4045,12.5893
3233704,1.25893
1984496,8.91251
4004272,12.5893
1001459,17.7828
16758524,3.16228
445143,0.0158489
3146028,7.07946
780996,19.9526
2574,20.8114
4441753,15.8489
931945,4.46684
3241580,12.5893
248380,3.16228
5037,12.5893
5035,16.53109
4436,7.94328
4431,11.29465
3237438,14.1254
7314901,22.3872
4962934,14.1254
80263,7.94328
3224647,25.1189
9657184,25.1189
3243981,11.2202
5721735,0.0707946
655926,15.8489
2885743,15.8489
3387518,8.91251
768872,15.8489
368090,1.25893
3246061,1.58489
3246066,2.51189
3246067,0.501187
3246069,1.58489
3247332,0.0316228
3247334,10.0
3247336,12.5893
3247339,12.5893
9550611,22.3872
9550615,6.30957
2851169,2.81838
2296485,15.8489
3238953,3.98107
6604792,31.6228
6604791,25.1189
3234428,0.158489
3238773,25.1189
3234423,19.9526
3234420,10.0
3234427,19.9526
3234425,7.94328
5737463,19.9526
5723267,0.0125893
930382,2.51189
3236352,28.1838
656272,25.1189
3467590,15.8489
887220,15.8489
920008,3.16228
2922589,0.177828
4412075,17.7828
1242402,6.30957
782202,12.5893
5810026,25.1189
5771567,0.630957
2287255,11.2202
6604137,31.6228
6604136,1.25893
6604132,22.10605
3700490,0.891251
1479752,28.1838
2979969,12.5893
2967529,0.354813
3235464,10.0
3235465,39.8107
3235466,0.316228
3235460,15.8489
3235468,2.51189
2294902,12.5893
3234849,15.8489
3234848,19.9526
3234845,12.5893
3234844,39.8107
3234847,12.5893
3234841,19.9526
3234840,19.9526
5341592,31.6228
1478886,3.16228
5389334,31.6228
3246366,3.98107
792246,14.1254
1815678,14.1254
1515192,39.8107
3239233,0.630957
1240718,31.6228
3206934,3.98107
2200018,17.7828
2733526,31.6228
3233843,31.6228
650085,14.1254
3038495,3.571675
68297,22.3872
107780,29.88165
53276,31.6228
3234210,7.94328
4438402,14.1254
3234214,0.1
1473674,0.0316228
3234219,12.5893
1473679,0.177828
3799510,14.1254
56971,19.9526
4592,1.25893
4848,31.6228
2031,5.01187
3236483,14.1254
5202,10.0
2922778,3.54813
1484094,28.1838
5732085,7.94328
1899121,0.891251
1485946,1.12202
1485940,10.0
3242772,22.3872
3242776,5.01187
5383431,3.16228
1486940,14.1254
3149395,1.41254
3233180,19.9526
6604308,3.98107
3233639,0.0199526
6604304,12.5893
3233636,25.1189
3042,6.477575
3233632,10.0
3233631,25.1189
3234299,3.16228
3237744,25.1189
4328459,14.1254
3237741,12.5893
6096313,22.3872
655776,0.398107
3235929,14.1254
3238096,35.4813
595193,17.7828
662260,25.1189
3235677,8.91251
3243797,22.3872
3233988,39.8107
3233458,25.1189
6899582,22.3872
3233983,3.98107
3233457,39.8107
3233456,2.51189
3233454,1.58489
9559908,15.8489
9559907,14.1254
2861856,0.223872
3243426,19.9526
4132199,0.251189
3232586,15.8489
3232587,1.58489
3232584,0.0316228
2914342,1.12202
992681,0.707946
1486494,7.94328
1486498,10.0
2430004,28.1838
3955,11.7115829667
3242845,3.16228
3234988,10.0
3234989,39.8107
229969,0.501187
2453312,3.98107
748403,7.94328
3234982,12.5893
3234983,39.8107
393595,10.0
3236164,31.6228
1451751,1.99526
3234180,25.1189
3234181,31.6228
3234182,10.0
3234184,6.30957
3234185,2.51189
5770919,14.1254
3233721,3.98107
3232918,19.9526
1477494,17.7828
3232915,12.5893
3232917,39.8107
3232916,0.794328
3232912,25.1189
3233722,1.0
4065,0.316228
276779,3.98107
262093,31.6228
3233235,0.316228
3036222,11.2310456667
16758544,3.16228
16758545,3.16228
16758546,3.16228
16758547,2.51189
5800609,0.398107
3836199,1.77828
16758543,0.0794328
73222,15.8489
5459415,39.8107
5459414,39.8107
5459413,19.9526
2949967,19.9526
1078740,22.3872
1472386,25.1189
2936400,2.51189
1446442,15.8489
227345,1.25893
9704230,0.562341
2474854,6.30957
6321302,19.78304
5001633,11.2202
6603236,28.1838
1624767,15.8489
6603942,0.0501187
2892638,10.0
6603948,12.5893
651217,17.7828
62824,31.6228
3245687,28.1838
1079369,3.16228
2830874,1.99526
5721718,0.630957
5721715,1.0
3246264,3.98107
3572223,15.8489
2963673,25.1189
3247139,10.0
9551812,7.07946
3247130,19.9526
3236764,1.25893
3246080,3.45005995
5193459,3.16228
2901182,14.1254
3247353,0.0398107
3247352,0.1
3247351,0.1
3247350,0.251189
3247357,0.794328
3247356,10.0
3247355,2.51189
3247354,0.0251189
1482682,1.25893
3234405,39.8107
3234407,25.1189
3234406,19.9526
5768774,3.54813
659902,7.94328
654363,17.7828
1430845,4.46684
1481471,15.8489
2546993,31.6228
2820,6.30957
437214,3.98107
656290,3.16228
3380750,3.54813
688569,14.2191
688564,1.58489
688561,31.6228
4217,32.4648
4216,10.0
3244309,22.3872
2200945,7.94328
9566970,7.07946
2965319,14.1254
3233846,31.6228
6604117,0.199526
6604116,0.501187
6604118,24.90535
3233848,0.316228
1377237,6.30957
6636404,3.16228
4326203,14.1254
3962160,17.7828
1236024,15.8489
3235118,15.8489
3235119,25.1189
3235448,39.8107
3235449,0.0630957
3235114,12.5893
3235115,12.5893
662109,19.9526
3235112,0.501187
3235113,25.1189
6260861,4.46684
16758556,3.16228
5771549,3.16228
1451140,3.16228
16758554,1.99526
6858332,2.23872
241399,1.0
802767,0.281838
3738180,10.0
1214668,12.5893
5731073,17.7828
933171,7.94328
6328079,15.7591233333
3240530,17.7828
2847497,0.891251
5740525,8.91251
5140222,22.3872
3242978,25.1189
16758482,3.16228
16758485,3.16228
313612,6.30957
2989685,17.7828
2230025,0.0446684
3239969,14.1254
3239961,28.1838
2960667,8.91251
3238567,25.1189
3234239,25.1189
3168689,4.46684
3234233,31.6228
3234231,12.5893
3234237,1.25893
2958696,3.16228
3769265,12.5893
5933290,4.46684
3241951,2.51189
2990071,14.1254
3761713,22.3872
1096252,15.8489
3132854,17.7828
3238694,31.6228
6546955,0.251189
3495924,12.5893
5134150,28.1838
6604036,25.1189
1266900,0.630957
1266902,14.1254
655575,14.1254
1480713,7.94328
3046034,2.988165
3242798,14.1254
5353940,5.01187
6604328,0.630957
6604329,0.501187
234859,2.51189
9551717,14.1254
3233610,6.30957
6105854,15.8489
3233612,0.630957
3233615,0.251189
3233614,25.1189
3233617,25.1189
5328773,39.8107
5328771,39.8107
5328770,31.6228
5328775,31.6228
3239613,25.1189
3235947,28.1838
3059439,3.16228
3233473,7.94328
3233479,25.1189
5284926,15.8489
417420,3.98107
3244823,10.0
1348,1.99526
1342,15.8489
729874,19.9526
727857,0.891251
3236491,1.0
3236493,15.8489
50287,1.25893
3232706,15.8489
3240236,14.1254
3232708,19.9526
3232709,15.8489
9556159,3.16228
5281607,12.5893
3236145,0.316228
9556151,3.98107
9556152,3.98107
16758489,3.98107
4651693,10.0
2060430,2.51189
435373,0.251189
3540854,2.81838
2256079,3.54813
3190317,6.30957
3973,25.1189
3180839,25.1189
1190210,3.16228
3240495,0.707946
5459432,19.9526
5459434,25.1189
5459439,12.5893
1080081,0.316228
180933,5.01187
3036864,19.9526
5435224,28.1838
4472,7.94328
421610,1.25893
4477,31.6228
888341,15.8489
1438980,15.8489
6603963,31.6228
6603789,39.8107
3247089,12.5893
3233317,2.51189
2466,10.0
2467,7.94328
704266,19.9526
3239572,10.0
408821,1.25893
3246535,2.51189
3246530,1.99526
3246247,1.58489
3247111,0.0501187
3247115,10.0
3035672,0.0398107
3234396,1.99526
3234393,25.1189
3234392,25.1189
3236704,17.7828
5503860,7.94328
432976,3.98107
3225225,25.1189
16758720,1.58489
971055,10.0
667500,12.5893
9550656,15.8489
6398918,3.54813
1645,19.9526
661761,3.54813
4311525,14.1254
1649,0.251189
68712,6.4937035
3233287,12.5893
3233284,25.1189
435966,0.199526
917207,11.2202
432607,5.01187
432606,6.30957
1108159,0.00794328
3242631,28.1838
2803,19.2513266667
2801,3.43336333333
5430,10.0
2057794,11.2202
688507,3.16228
3247375,19.9526
3247374,1.99526
3247371,31.6228
3247373,1.99526
1267735,8.91251
1464427,14.1254
5740390,19.9526
1192535,3.98107
1471079,39.8107
659658,25.1189
6604173,0.794328
6604171,7.94328
659654,12.5893
3233862,25.1189
6604176,15.8489
1803629,0.0125893
3233861,7.94328
2018366,0.446684
4221182,3.98107
3246520,0.794328
2968126,10.0
3235137,0.501187
3235135,2.51189
3235132,7.94328
3235130,39.8107
2320029,17.7828
3235138,39.8107
3235139,3.98107
3235429,25.1189
3235421,3.98107
3235423,3.16228
3235425,25.1189
710575,22.3872
783443,7.94328
5068264,22.3872
3245180,11.2202
3101,2.387699
55918,2.51189
6127,12.5893
5340938,3.16228
1015792,5.01187
2831492,0.354813
3240558,12.5893
3206680,0.199526
6898117,15.8489
121881,1.25893
3236959,8.91251
292652,17.7828
68457,1.25893
423583,3.16228
955158,22.3872
3245455,15.8489
6877168,11.2202
2259,39.8107
2214231,3.54813
1252955,25.1189
16758608,3.98107
2780,0.0125893
6602999,12.5893
2782,1.026629
9587263,7.07946
132995,12.5893
1916593,8.91251
3234109,12.5893
5911258,2.51189
742529,8.91251
951154,10.0
3778596,5.01187
5771852,7.94328
5771858,7.94328
3233673,19.9526
5348683,22.3872
3233670,25.1189
3233677,1.0
3233676,39.8107
3233674,0.501187
892463,22.3872
5348132,15.8489
651025,15.8489
949691,2.23872
6604940,5.01187
3239631,14.1254
275178,3.98107
3233499,39.8107
3233498,39.8107
3233493,1.99526
3233490,12.5893
3242792,14.1254
2394104,15.8489
5322221,0.223872
857997,3.98107
3104475,0.199526
6604869,3.16228
3233613,3.98107
893225,0.0316228
47576,10.0
2859713,44.6684
3234611,7.94328
3234612,10.0
3235637,14.1254
5771664,3.16228
3234948,3.16228
3234949,5.01187
3234944,7.94328
127902,39.8107
3234946,12.5893
3234940,25.1189
3234941,39.8107
3082718,0.0125893
3232729,0.0501187
1152781,4.46684
3232727,12.5893
3232722,5.01187
3232721,39.8107
2915906,0.446684
1367,31.6228
6026898,14.1254
3235091,2.51189
3235090,19.9526
3235093,19.9526
3235092,19.9526
3235095,19.9526
3235098,39.8107
9555994,3.98107
9555997,5.01187
11958372,25.1189
11958373,14.1254
11958804,12.5893
11958807,15.8489
11958809,5.01187
11958378,0.398107
11958379,0.125893
2176759,12.5893
2062920,2.51189
5459459,39.8107
5459457,5.01187
5459455,39.8107
3188485,31.6228
3233477,39.8107
2891886,0.707946
5936209,0.630957
6603909,39.8107
6603900,15.8489
6603907,27.8298
6603904,31.6228
2446,5.01187
2448,3.98107
3233478,2.51189
410174,1.99526
1376406,14.1254
3506063,7.94328
1252378,4.46684
11958724,2.23872
3246519,0.125893
2733484,12.5893
1422565,14.1254
2997950,14.1254
3234377,7.94328
3234373,39.8107
3234372,7.94328
3234371,6.30957
3234370,39.8107
331715,3.16228
2287620,28.1838
5340350,12.5893
3238717,15.8489
2161195,17.7828
3238713,7.94328
3247173,10.0
3247171,19.9526
3247170,39.8107
3247176,19.9526
3247175,6.30957
3247178,1.99526
2296796,11.2202
5234410,0.0125893
3244475,11.2202
998899,12.5893
688520,10.0
688525,3.98107
1488065,1.25893
3344,26.2
9566665,28.1838
3243698,14.1254
3243874,11.2202
1486041,22.3872
5533,12.5893
6604625,10.0
5537,31.6228
2867623,10.0
6604159,0.1
4268460,6.30957
3233800,31.6228
421327,0.316228
3233807,10.0
3235150,1.99526
3235151,15.8489
3235152,5.01187
3235153,3.16228
3235154,19.9526
3235407,12.5893
3235156,1.0
3235158,7.94328
3235159,19.9526
662144,5.62341
2766338,1.99526
1069530,17.7828
647302,0.794328
5771589,1.0
3090378,15.8489
4306095,5.01187
977387,10.0
456309,10.0
5129699,15.8489
6441916,1.41254
1434077,1.41254
1250236,15.8489
1469608,0.01
73094,25.1189
1474465,15.8489
6100020,7.07946
9567324,25.1189
2935169,1.99526
5759013,1.99526
4342607,3.16228
666498,22.3872
6898171,15.8489
3329485,0.630957
220442,3.98107
219939,1.58489
1626247,0.398107
4687157,1.99526
240955,0.501187
2845698,14.1254
3246166,3.98107
3246163,3.98107
16758621,3.98107
16758680,3.98107
16758624,2.51189
2052,19.9526
4822,3.98107
646427,11.2202
3241222,6.30957
3241735,22.3872
3246708,6.30957
3234045,10.0
649015,8.91251
5936418,28.1838
5344329,14.1254
5474706,0.630957
4523607,39.8107
6604368,3.16228
6604369,10.0
3233128,19.9526
3233654,0.01
3233656,10.0
3233651,0.630957
6604811,0.0501187
3233653,39.8107
3233120,10.0
1472568,25.1189
3237724,19.9526
3237727,10.0
3239657,14.1254
3218010,0.501187
993397,10.0
63306,12.5893
718782,17.7828
3234587,19.9526
3234580,10.0
3234582,1.99526
3234583,1.99526
2981737,15.8489
6604734,25.1189
3243485,31.6228
3235123,12.5893
6449251,2.81838
6280709,35.4813
3235436,12.5893
3234638,1.99526
3234639,25.1189
3234634,19.9526
3234635,12.5893
3234633,6.30957
3234631,39.8107
241059,0.501187
5771645,3.16228
5771646,0.794328
241052,0.501187
3232748,39.8107
5052067,17.7828
3244283,31.6228
3232743,15.8489
3232745,10.0
3232746,12.5893
3232747,10.0
3233926,25.1189
2116681,31.6228
126388,0.794328
736368,31.6228
3244137,15.8489
2291961,17.7828
61357,3.98107
3234963,5.01187
2999021,39.8107
2426783,14.1254
3234968,39.8107
3234969,19.9526
3234065,12.5893
2790768,1.58489
3235217,19.9526
3235216,39.8107
3235215,19.9526
3235210,0.0251189
3233922,7.94328
3235219,7.94328
9549465,6.30957
9549466,14.1254
9549460,12.5893
9549469,3.98107
5462351,3.98107
65856,19.9526
6518332,3.98107
2915529,11.2202
1454774,3.16228
2285721,12.5893
4813380,25.1189
1015611,17.7828
2892691,8.91251
6603921,2.51189
3941250,4.49647
3240900,17.7828
1374114,17.7828
6398997,3.98107
6876401,22.3872
6876402,22.3872
4655733,10.0
644968,2.23872
11948875,1.41254
11948876,3.16228
11948877,1.41254
3003797,1.99526
409110,1.99526
3246573,1.99526
3246574,2.51189
3246576,3.98107
3234038,5.01187
3242852,39.8107
2125707,17.7828
5899500,0.0501187
24215092,12.5893
1483043,25.1189
6905109,22.3872
754780,0.00562341
5484725,15.8489
5431585,25.1189
5236783,31.6228
3234358,19.9526
3234353,19.9526
3234355,7.94328
3234354,25.1189
3234357,39.8107
3234356,25.1189
6602522,2.81838
6602523,17.7828
3034756,1.99526
4121748,0.446684
6602529,11.2202
656767,10.0
656765,12.5893
2322056,17.7828
1129966,14.1254
6179434,1.12202
3246391,3.16228
3246393,3.98107
9550696,7.94328
1609,31.6228
3540091,3.16228
6877462,17.7828
3247151,39.8107
945544,8.91251
770820,6.30957
443422,0.0630957
5472,0.398107
798295,15.8489
5351068,1.99526
234404,1.58489
4669152,25.1189
1269684,28.1838
3233354,25.1189
3233823,3.16228
3233356,39.8107
3233821,39.8107
3233350,19.9526
5473474,0.630957
3233824,19.9526
3233825,19.9526
3233828,10.0
3233829,3.98107
3233358,7.94328
1147951,10.0
5083147,2.23872
3235178,2.51189
3235179,10.0
3235170,12.5893
3235176,31.6228
3235177,15.8489
3235174,39.8107
3235175,10.0
738490,8.91251
3241821,39.8107
1471783,22.3872
3278537,7.94328
263534,3.16228
1421692,35.4813
733062,4.46684
2434567,31.6228
2765953,3.16228
4678870,12.5893
9581781,25.1189
9581780,22.3872
1474442,0.398107
834556,11.2202
11958618,17.7828
255831,1.25893
6167,0.794328
999091,0.00562341
21138,7.68264833333
424779,3.16228
16758391,3.98107
1152279,0.0316228
16758397,3.16228
16758396,3.16228
4189772,8.91251
412865,2.51189
412863,5.01187
3246498,5.01187
3246141,3.16228
3246490,3.98107
1251632,15.8489
16758645,3.98107
16758644,7.94328
16758643,3.98107
16758642,3.16228
1046838,3.98107
16758648,6.30957
980180,10.0
3241244,14.1254
4515,0.00630957
2904360,3.16228
1137830,6.30957
5041114,8.91251
2726179,6.30957
1301976,3.98107
644510,12.5893
652521,2.51189
3239413,0.01
820340,0.177828
3233109,39.8107
9551777,28.1838
3233106,31.6228
2882730,0.446684
6604045,25.1189
1263681,0.316228
931460,22.3872
648672,11.2202
663792,0.316228
2976519,4.46684
78038,0.199526
6604831,25.1189
9567496,2.23872
3202421,28.1838
3236470,2.23872
3202425,25.1189
3234658,7.94328
3234659,12.5893
1312386,0.141254
3234652,0.316228
3234656,39.8107
3232763,19.9526
3232767,10.0
3232764,39.8107
5291857,31.6228
3232769,25.1189
3233147,2.51189
2765898,15.8489
941650,31.6228
230053,3.98107
3157896,15.8489
950649,0.0891251
1078211,3.54813
3233890,15.8489
3235511,10.0
3244151,10.0
5413026,2.23872
3233320,1.25893
3233895,19.9526
165002,0.0630957
5707,24.90535
11958841,0.199526
3234900,15.8489
3234901,10.0
3234905,10.0
3234906,0.199526
3234907,12.5893
3234908,2.51189
3234909,25.1189
6620823,19.9526
1774139,25.1189
5459499,25.1189
5459498,5.01187
5459497,12.5893
3235233,15.8489
3235235,12.5893
3190066,12.5893
3190067,28.1838
3241522,10.0
2247,7.94328
6438792,1.99526
2132309,2.23872
3387618,15.8489
3207101,39.8107
128944,5.01187
5939214,1.58489
3145751,3.16228
9551594,12.5893
3240381,12.5893
800972,14.1254
3240921,1.25893
3240432,19.9526
1482558,22.3872
3409527,25.1189
3245357,10.0
11948852,3.54813
732106,1.41254
16363,6.30957
16362,3.16228
4617636,8.91251
5342394,28.1838
3234018,1.0
3234019,15.8489
3234016,0.0251189
3246553,3.16228
3234014,15.8489
3246551,3.16228
3234012,31.6228
3751170,1.0
991455,1.25893
3232889,2.51189
3232883,5.01187
3232882,0.794328
3232881,39.8107
3232880,19.9526
3232887,39.8107
3232886,25.1189
3232885,19.9526
1615888,19.9526
3234333,2.51189
6603410,28.1838
3234331,7.94328
3234337,39.8107
3234336,25.1189
3234335,10.0
1832,19.9526
3797,1.99526
2157,31.6228
1986631,25.1189
5349704,11.2202
3242389,19.9526
3234489,25.1189
6258859,12.5893
3234484,10.0
11842297,28.1838
3234480,25.1189
3234483,39.8107
411668,0.794328
5098987,15.8489
1267908,1.58489
275479,3.98107
3242650,28.1838
198234,25.1189
3233593,12.5893
3233590,15.8489
3233596,15.8489
3233597,25.1189
3233595,10.0
5494,31.6228
3233598,0.398107
3233599,19.9526
6604443,7.94328
1118272,22.3872
3237684,1.25893
6860057,17.7828
2980658,11.2202
9681776,28.1838
4748,0.0316228
3233378,7.94328
3238821,1.25893
364042,3.98107
3233370,10.0
3233371,39.8107
3245998,19.9526
99601,3.98107
229287,1.58489
3244432,17.7828
5765850,0.281838
5461759,31.6228
132059,0.125893
3878,6.30957
72454,3.98107
5332521,19.9526
664759,1.41254
977696,12.5893
9556015,3.16228
9556017,3.98107
590551,11.2202
9581903,5.01187
6262269,25.1189
9581904,3.54813
11958676,2.51189
22529,3.16228
4189572,0.630957
9603177,3.54813
4168,11.079235
2965286,3.16228
16758408,3.16228
16758405,3.98107
16758406,2.51189
2786572,28.1838
5311346,21.56166
107982,39.8107
412805,3.16228
230856,3.16228
2121339,28.1838
16758662,5.01187
5149832,6.30957
4578,0.501187
2257517,14.1254
6603621,11.2202
2951140,28.1838
6104810,25.1189
5771832,25.1189
5771833,3.16228
5771831,39.8107
820414,3.98107
3246127,0.0398107
3246124,0.0251189
2833410,5.01187
3246128,1.58489
3247292,10.0
3247293,0.794328
9551939,14.1254
3247291,2.51189
651086,22.3872
3247294,15.8489
3247299,31.6228
2289680,1.12202
9551934,12.5893
3241845,50.1187
3233603,1.0
3239699,12.5893
892993,22.3872
5424227,3.98107
3235016,39.8107
7314640,10.0
2906692,19.9526
9594834,31.6228
1419600,0.0177828
3225654,25.1189
272648,2.51189
717668,25.1189
9550554,10.0
667466,2.51189
3233163,39.8107
6604851,19.9526
1480798,39.8107
6604853,2.51189
6604854,15.8489
3233166,0.1
6604856,7.94328
6604857,12.5893
176540,3.98107
661601,11.2202
3838067,15.8489
3234672,3.98107
3234673,6.30957
3234671,12.5893
3234674,12.5893
24352,1.99526
3234678,1.25893
3234679,25.1189
3822964,22.3872
3232785,1.99526
3232786,15.8489
3232787,39.8107
3232780,19.9526
3232781,39.8107
3233784,39.8107
6604271,0.630957
3233781,19.9526
3233788,19.9526
9564767,39.8107
1911050,14.1254
788657,7.07946
2950763,5.62341
6864414,10.0
5100562,22.3872
5740149,3.16228
3244179,19.9526
3235784,12.5893
5395960,25.1189
3235035,12.5893
3235034,0.501187
3235032,12.5893
11958863,15.8489
5348842,15.8489
11958868,22.3872
2876706,14.1254
3234923,10.0
3234927,10.0
120698,12.5893
684587,10.0
3235251,39.8107
3235257,25.1189
3044369,7.94328
2039148,1.25893
6873168,10.0
2930095,1.12202
677934,17.7828
335810,3.16228
3234078,15.8489
3234079,12.5893
3234073,12.5893
3234075,5.01187
6602879,8.91251
2083491,14.1254
9550599,5.01187
3234319,10.0
3234317,39.8107
184820,0.259143566667
2170,3.98107
2864300,19.9526
1935,31.6228
3237528,28.1838
2980415,0.0562341
3241109,2.51189
688585,11.80318
4113801,14.1254
636806,31.6228
3233578,12.5893
6604460,3.98107
6604463,0.02988165
3233570,10.0
3245964,28.1838
6604467,10.0
1014720,31.6228
133076,12.5893
663340,1.12202
6876393,22.3872
664826,15.8489
662344,14.1254
3247087,25.1189
3247086,12.5893
3247083,31.6228
3233312,39.8107
608203,11.2202
3233316,12.5893
3247088,12.5893
99625,39.8107
2906865,0.891251
3247379,3.16228
910704,22.3872
3243508,17.7828
3243500,28.1838
5883866,17.7828
2964135,1.99526
325823,0.125893
5384438,3.16228
3193602,22.3872
2953983,0.199526
1269642,15.8489
2906313,39.8107
131747,14.9763
9581921,19.9526
1047097,15.8489
6604546,0.1
5353574,31.6228
4584321,0.112202
929049,25.1189
6898195,17.7828
227840,0.00794328
6093336,31.6228
11958470,0.0251189
776746,1.41254
16758468,3.98107
424220,3.98107
16758460,3.16228
2294893,25.1189
856031,14.1254
114771,12.5893
5346051,14.1254
3233866,39.8107
55993,18.966185
3233864,12.5893
3233865,39.8107
1374340,0.707946
1589781,0.281838
3233863,25.1189
2264736,25.1189
832425,0.00501187
4553,0.0501187
248743,7.94328
6603864,0.501187
6603866,14.5891026667
6603867,0.794328
6603862,25.1189
6603863,17.90075
2267427,15.8489
203685,8.154785
1142967,12.5893
3239329,17.7828
11220655,1.99526
3239323,15.8489
6077,2.51189
3246105,3.98107
3246104,0.630957
3246454,3.98107
3247278,0.398107
3247279,12.5893
3247275,7.94328
3247277,15.8489
3247270,39.8107
5355750,0.0251189
2352618,10.0
667444,1.99526
663281,28.1838
125328,0.251189
3233149,10.0
9551913,7.07946
3233144,12.5893
6604870,7.94328
3233146,15.8489
6604876,39.8107
6604877,31.6228
6604875,15.8489
3233216,12.5893
1025740,8.91251
3233747,7.94328
6604727,0.398107
1242706,7.94328
3238292,7.94328
4714847,11.2202
3234697,7.94328
3243758,0.00562341
6603854,10.0
3244994,12.5893
3217838,14.1254
9568070,4.46684
735606,8.91251
770167,0.562341
5367262,3.16228
72827,1.25893
2926066,28.1838
3413199,1.58489
3235019,39.8107
3235011,10.0
3235015,12.5893
1439038,3.54813
3944789,25.1189
155030,4.47164
1488779,0.00562341
647262,14.1254
4888812,25.1189
3237345,3.54813
3235274,3.98107
3235276,0.251189
2320855,7.07946
3235279,25.1189
9549406,17.7828
9549404,1.41254
3782422,7.94328
3131129,25.1189
1258102,12.5893
1288267,3.16228
725629,22.3872
3003880,3.98107
741378,28.1838
6603983,1.99526
2872001,10.0
6603980,39.8107
6603987,39.8107
6603984,31.6228
2999625,15.8489
6603989,31.6228
6603988,1.0
127898,10.0
3240478,19.9526
5347519,7.94328
9604992,25.1189
860743,3.54813
2765160,2.23872
2517521,12.5893
19518,0.00794328
3234053,31.6228
3234050,12.5893
3234057,7.94328
3234054,19.9526
3232848,12.5893
3232846,10.0
3232845,19.9526
3232844,12.5893
3232843,39.8107
3232842,39.8107
3232841,25.1189
2409144,19.9526
5311068,12.5893
3239336,12.5893
9550329,28.1838
5133883,22.3872
9550320,22.3872
1871,15.8489
664154,25.1189
408043,2.51189
5335108,10.0
3245313,3.98107
3245318,28.1838
3246666,2.51189
16677983,3.98107
3246663,1.99526
9600290,0.281838
2416796,3.16228
2118406,25.1189
1483025,7.94328
1483026,3.98107
1483022,14.1254
6321250,39.8107
662878,12.5893
3233554,39.8107
3233555,6.30957
3233550,19.9526
3233551,6.30957
6604409,10.0
3242165,3.98107
3233559,1.99526
5351089,5.01187
3233080,15.8489
3233084,12.5893
3233086,3.16228
3233087,12.5893
709144,5.62341
332061,3.98107
3233332,3.98107
3233882,39.8107
3233883,15.8489
3233334,7.94328
3404071,28.1838
3233338,0.316228
1326381,11.2202
855132,14.1254
3844891,0.630957
2542670,19.9526
3232681,12.5893
3232680,19.9526
3232683,25.1189
988921,25.1189
3962922,7.94328
3234734,31.6228
5538580,11.2202
3234739,3.16228
847266,3.16228
3235488,25.1189
3235489,25.1189
3235483,0.794328
3235481,12.5893
3235486,12.5893
3235487,31.6228
3235484,19.9526
3235485,15.8489
5771415,14.1254
6269993,0.125893
16409969,15.8489
666412,19.9526
5823053,12.5893
5189629,22.3872
5684,31.6228
11958414,3.98107
5681,18.8541
5680,39.8107
16758447,3.98107
16758446,3.16228
16758441,2.51189
16758442,3.16228
16758449,5.01187
16758448,3.16228
19675,0.199526
4065173,22.3872
104973,31.6228
4286807,15.8489
3738890,25.1189
1082202,11.2202
1983410,15.8489
2883112,14.1254
6603848,31.6228
6603845,0.713692
6603842,39.8107
6603840,31.6228
3903991,11.2202
5739490,0.199526
2332312,25.1189
1310757,12.5893
3233088,12.5893
3154665,4.46684
418268,3.16228
3153715,25.1189
9586669,39.8107
2856552,14.1254
3236955,11.2202
1822243,11.2202
938952,17.7828
742856,0.446684
663736,11.2202
3544,16.53109
3547,0.199526
3540,5.01187
3234507,31.6228
5145950,0.794328
3234501,7.94328
3247256,15.8489
3247257,39.8107
3247255,25.1189
698135,10.0
3247251,12.5893
68186,0.158489
871225,14.1254
3202484,12.5893
4142546,0.177828
2830067,3.16228
3238162,8.91251
62389,12.5893
3233159,5.01187
3243959,2.81838
3243772,5.01187
3136,39.8107
1490966,12.5893
1484969,11.2202
752452,1.77828
9551642,28.1838
9551646,1.99526
6604230,1.25893
91769,12.5893
2933833,12.5893
3235073,39.8107
3235072,31.6228
3235071,15.8489
3235077,10.0
3235076,25.1189
3235075,1.99526
681024,4.46684
3233331,12.5893
3237365,0.354813
183782,12.5893
3233889,12.5893
5771317,17.7828
3235299,31.6228
3235297,31.6228
3235295,39.8107
268806,2.51189
2884325,5.62341
3236098,28.1838
929209,7.94328
6603971,10.0
11958758,2.51189
2282197,11.2202
9638826,7.94328
989888,15.8489
683975,22.3872
734284,14.1254
9604979,31.6228
9604974,25.1189
9604973,15.8489
1190699,0.00562341
5094345,25.1189
3108201,10.0
3232868,39.8107
3232862,10.0
3754981,28.1838
3232864,5.01187
3232866,3.98107
2353,2.51189
5311042,0.0501187
5311047,0.251189
2244109,7.94328
4744486,11.2202
6603309,4.46684
3270483,31.6228
5761597,0.158489
2132,3.16228
4926,0.15065385
2131,39.8107
3245665,11.2202
409199,1.0
5163,25.7877
5166,12.5893
3246642,3.16228
675226,17.7828
5351964,5.01187
3229317,31.6228
186315,35.4813
671690,0.00794328
2768304,3.16228
5739533,28.1838
3233534,12.5893
9551070,12.5893
6604425,0.251189
6604936,15.8489
6604935,31.6228
6604934,2.51189
6604933,1.99526
2963473,14.1254
3243899,6.30957
1472628,14.1254
3235842,14.1254
6874060,28.1838
4179687,15.8489
2229921,14.1254
2960075,8.91251
44602,0.794328
648771,12.5893
1797,25.1189
1795,31.6228
1794,39.8107
2370980,10.0
2058861,14.1254
6843,1.99526
9573924,1.58489
3243545,15.8489
3232669,0.501187
1489719,31.6228
658614,15.8489
3890901,1.12202
3234711,15.8489
3234713,10.0
3234715,12.5893
3234717,39.8107
3234719,31.6228
2147587,10.0
9639885,10.0
5771784,39.8107
5771786,3.98107
5771787,19.9526
5771780,19.9526
5771783,6.30957
3234275,15.8489
664737,0.794328
3226278,12.5893
5281708,15.8489
4536117,14.1254
1208555,1.99526
3812674,14.1254
319187,0.630957
3115294,2.51189
2283109,22.3872
4108,31.6228
4385965,11.2202
2768947,39.8107
3787293,0.1
720635,31.6228
11958435,25.1189
1911604,1.77828
11958437,0.281838
11958436,2.23872
978140,1.0
2978342,2.51189
6538680,0.0281838
5335807,31.6228
5771856,39.8107
11958699,0.794328
11958692,7.94328
11958695,15.8489
11958696,7.94328
2057917,12.5893
3758610,2.23872
3234125,3.98107
6604335,15.8489
5722573,14.1254
3241797,25.1189
3178012,10.0
16758319,3.98107
3240844,0.354813
6603820,12.5893
6603822,12.5893
6603823,25.1189
6603827,19.9526
64392,0.630957
128795,1.25893
325375,3.98107
3234157,15.8489
3234156,19.9526
3234154,19.9526
3246416,6.30957
3246414,0.794328
3246419,3.16228
3234159,7.94328
3136029,15.8489
2962243,0.891251
3245857,19.9526
6604342,0.158489
3236806,12.5893
3236804,11.2202
2950250,12.5893
870377,35.4813
1300140,0.281838
3616243,3.54813
3234525,3.16228
3234520,12.5893
3247230,39.8107
4282258,1.25893
3247235,39.8107
3247239,39.8107
871208,17.7828
920618,15.8489
11957310,12.5893
11957313,22.3872
11957314,0.0707946
9565215,3.98107
3233276,10.0
3151,3.16228
1022785,7.07946
6604741,15.8489
3238982,0.0251189
6604743,5.01187
4520580,35.4813
6604748,0.0158489
6604749,12.5893
5393549,15.8489
5438896,15.8489
1212787,2.51189
3755487,3.16228
3235058,31.6228
3235055,3.98107
5461326,15.8489
3732815,1.0
5422604,3.54813
3235052,7.94328
3459194,1.99526
1090024,0.1
5771335,35.4813
3247107,31.6228
126402,9.449435
3656225,14.1254
2502130,25.1189
3234694,19.9526
5822531,12.5893
9581649,28.1838
11958771,10.0
3234898,39.8107
3234899,15.8489
3234897,12.5893
88779,2.038655
2853204,11.2202
3234892,15.8489
26596,1.58489
663879,12.5893
69448,0.00251189
221163,39.8107
2735313,1.25893
3234094,25.1189
223186,7.94328
3234090,10.0
3234098,12.5893
3234099,1.99526
3232803,1.58489
1242853,12.5893
3232800,15.8489
3232807,19.9526
3232806,12.5893
3232805,25.1189
3232804,10.0
241476,5.01187
241474,0.251189
241475,2.51189
4267356,31.6228
192197,15.8489
2335,7.94328
4713,7.94328
6602811,3.54813
2751436,14.1254
5360696,2.51189
1451395,12.5893
3715,15.8489
6603365,1.25893
1462058,15.8489
5341526,17.7828
3241301,5.01187
2480,0.00630957
11958418,25.1189
3237543,15.8489
5026275,0.125893
808870,3.16228
1266826,22.3872
11838419,22.3872
5389652,8.91251
3239778,39.8107
5717129,7.94328
1091610,15.8489
2896205,0.158489
6604919,0.630957
3233518,12.5893
3233519,10.0
3233048,10.0
909982,15.8489
3233044,19.9526
6604910,39.8107
6604913,2.51189
3233047,15.8489
6604915,0.125893
3233041,39.8107
3233514,10.0
6604916,5.01187
3215186,15.8489
3237605,25.1189
1454811,11.2202
6874046,25.1189
9586257,1.25893
3246330,0.1
1096467,0.501187
3246339,1.0
1344672,3.98107
3240860,12.5893
698876,17.7828
2641318,0.562341
2976100,12.5893
932902,6.30957
3232649,10.0
3232641,15.8489
3232640,3.16228
3232643,19.9526
3232645,39.8107
3232647,7.94328
2981167,2.23872
3234779,19.9526
3235403,19.9526
4311638,7.94328
3234771,25.1189
3234774,10.0
3217176,11.2202
1117871,14.1254
765854,10.0
335083,0.794328
5337390,14.1254
646345,0.0316228
9774023,28.1838
688437,1.99526
5522,0.199526
91486,7.94328
1518,10.0
4317586,28.1838
6604006,31.6228
6604003,25.1189
5708099,2.81838
6604001,10.0
6604000,15.8489
190901,3.16228
11958906,1.77828
973114,5.62341
3233818,25.1189
3235552,19.9526
3235553,10.0
1082794,15.8489
1127161,22.3872
5004659,17.7828
2898209,1.77828
3233811,12.5893
60561,0.316228
3957928,35.4813
1214441,2.23872
3203401,14.1254
6603802,31.6228
6603800,0.630957
6603801,28.37085
6603807,31.6228
5725687,12.5893
6603808,0.251189
3234616,19.9526
4521392,12.5893
2099550,1.77828
3240794,0.251189
16758377,3.16228
1255757,2.51189
16758374,3.98107
16758373,7.94328
1339800,1.99526
25295,0.0199526
2231882,7.94328
3234171,19.9526
3234176,1.99526
3234179,1.58489
3240174,19.9526
2510967,12.5893
3707292,1.41254
3235414,25.1189
3235141,19.9526
6603775,31.6228
6603776,0.0398107
9608032,15.8489
2267597,1.58489
2147019,3.54813
16758599,3.16228
2769174,14.1254
16758590,3.16228
270077,3.98107
3235148,12.5893
3234541,19.9526
3246297,5.01187
3234548,31.6228
2236682,25.1189
3503,31.6228
3238346,1.99526
3240684,14.1254
3247218,12.5893
3247211,31.6228
3247216,39.8107
441975,0.00496927
3033769,12.5893
6604580,6.30957
6604588,12.5893
3233756,25.1189
4265899,10.0
3243919,22.3872
1467342,0.223872
6534402,7.07946
3821070,25.1189
707778,0.0794328
3233253,15.8489
3233252,39.8107
3233254,1.25893
3233257,2.51189
6604769,39.8107
3233258,19.9526
1022013,12.5893
3172,12.5893
3233703,0.630957
6604763,19.9526
6604761,2.51189
2896074,25.1189
272568,3.98107
879872,4.46684
2898055,12.5893
5935482,3.54813
1488716,5.01187
3115024,12.5893
4360584,3.54813
3148797,14.1254
11958572,22.3872
1401110,15.8489
1790695,15.8489
12555,7.94328
456201,25.1189
3238620,35.4813
3142835,15.8489
11958714,0.223872
2066641,25.1189
11958710,0.0112202
11958711,3.98107
11958713,0.125893
3640000,15.8489
1868,12.5893
822459,12.5893
2867385,2.51189
9552079,7.94328
3232829,10.0
3232828,39.8107
3232824,10.0
3232820,15.8489
3232823,39.8107
3232822,39.8107
11980115,1.58489
3775,3.98107
1819215,25.1189
6402388,5.62341
4656,3.98107
2053792,39.8107
675152,5.01187
3241365,25.1189
5346227,14.1254
3106357,15.8489
3424504,8.91251
5487483,2.51189
1077698,12.5893
2924930,31.6228
3237832,22.3872
3237836,39.8107
3241189,31.6228
6091659,0.0251189
3235885,8.91251
3239130,15.8489
3246309,5.01187
3246308,3.16228
5431769,28.1838
2997422,0.0707946
3246354,0.630957
3246605,0.398107
622549,17.7828
11958376,15.8489
3242321,14.1254
1213087,11.2202
6876972,28.1838
648007,25.1189
11957298,3.54813
2575543,39.8107
2093599,11.2202
3242188,11.2202
3233064,25.1189
2900701,5.01187
3233060,7.94328
3234282,1.99526
1473685,14.1254
3234285,15.8489
3233069,10.0
2830366,28.1838
3233682,1.99526
3232628,15.8489
1481102,3.16228
3838161,0.794328
2091447,7.94328
3234754,7.94328
3234757,39.8107
3234750,25.1189
5289501,0.0125893
3218173,0.891251
3233391,19.9526
3233393,12.5893
3218175,3.98107
3233398,1.25893
3233399,3.98107
157704,25.1189
68600,0.251189
5343485,6.30957
1292194,12.5893
6604394,5.01187
11972600,12.5893
126280,0.125893
6604398,0.01292445
2082722,14.1254
3233513,0.199526
1947139,39.8107
1574,29.88165
3244726,7.07946
3244053,1.58489
2983055,0.281838
3235392,15.8489
3235390,25.1189
5353646,15.0396333333
3235397,39.8107
3235394,10.0
3235398,10.0
3235399,39.8107
3233935,25.1189
3233937,39.8107
3233931,25.1189
6604027,3.16228
3233933,15.8489
6604029,31.6228
5626,25.1189
3233938,15.8489
3148306,1.0
979678,11.2202
741872,7.94328
3216649,22.3872
888773,10.0
3235571,0.501187
5240344,31.6228
3080926,39.8107
11958389,1.0
11958382,1.99526
11958386,4.46684
11958384,1.99526
3796447,25.1189
4064736,17.7828
16758356,3.98107
5335845,15.8489
6523576,2.51189
3245725,5.01187
57267,0.0501187
4062061,25.1189
1477606,15.8489
131307,31.6228
3234118,12.5893
3234113,12.5893
903470,39.8107
2951293,3.16228
2940330,15.8489
16758456,6.30957
423675,1.58489
6603759,31.6228
6603757,25.1189
6603751,12.5893
3698,12.5893
3692,15.714235
3696,15.714235
3234568,10.0
3234569,15.8489
3234562,31.6228
3234561,25.1189
3234566,1.58489
3234564,39.8107
1564986,1.25893
204385,25.1189
9551998,1.41254
9551994,1.77828
9551997,1.77828
3241647,3.16228
2925182,15.8489
2206703,15.8489
2690,12.5893
3246015,3.16228
5017078,0.316228
3246012,3.16228
3246010,3.16228
3234500,7.94328
1214397,8.91251
3219705,14.1254
2936322,15.8489
6604569,0.1
6604564,1.25893
6914855,11.2202
6604561,0.316228
11835442,14.1254
2311408,10.0
2980117,1.25893
264984,3.16228
3233233,10.0
3233232,3.16228
3233723,0.630957
3233230,15.8489
3233725,19.9526
3233727,19.9526
3233234,19.9526
3237033,31.6228
5661263,14.1254
1921194,17.7828
3244268,28.1838
3400701,25.1189
1888978,25.1189
92253,0.501187
273497,0.1
2851629,7.07946
3647260,22.3872
5192547,25.1189
933785,1.58489
3240345,5.01187
4881526,15.8489
645818,12.5893
2368170,31.6228
3244312,39.8107
3235187,12.5893
3235185,10.0
3235182,25.1189
3648937,25.1189
6872631,3.54813
11958737,14.1254
11958734,11.2202
11958735,0.316228
281255,3.16228
4155549,12.5893
4633,6.30957
4632,12.5893
4630,7.94328
4636,5.5367269
2196,31.6228
54687737,39.8107
832016,12.5893
688272,25.1189
3241439,25.1189
2766439,5.01187
2060921,12.5893
1604981,17.7828
2936268,14.1254
753710,19.9526
743590,17.7828
743593,4.46684
1006913,14.1254
3236988,15.8489
9594647,17.7828
1484336,14.1254
3246373,3.16228
749449,22.3872
71191,0.125893
3233002,7.94328
3233005,25.1189
3233006,12.5893
3233007,31.6228
6604951,39.8107
6604950,39.8107
6604953,0.00630957
6604952,0.125893
3232608,31.6228
3232604,6.30957
3232607,39.8107
3232606,3.16228
3232600,12.5893
3232603,39.8107
3232602,39.8107
871656,12.5893
54676228,25.1189
3236512,12.5893
2845859,2.51189
5327151,25.1189
2126032,14.1254
3243076,15.8489
3243077,14.1254
3218157,1.99526
3218156,1.99526
719408,31.6228
3243079,12.5893
3982636,1.12202
716128,5.01187
888842,3.16228
716121,23.7296266667
716126,31.6228
3467177,39.8107
837229,17.7828
645578,0.158489
1800983,14.1254
950037,1.12202
6406850,19.9526
238327,2.51189
122334,0.251189
750996,2.81838
3235379,19.9526
4322113,11.2202
872357,10.0
3235372,25.1189
1007795,25.1189
3233918,25.1189
3233919,25.1189
3233916,12.5893
6604042,3.16228
3233914,7.94328
3233912,39.8107
3233913,6.30957
3233910,19.9526
3233911,1.99526
3234727,19.9526
225323,3.16228
1475806,5.62341
1511213,14.1254
3180843,19.9526
3180841,12.5893
3157897,11.2202
665084,1.0
3235512,25.1189
3235516,0.398107
2978676,2.51189
3167046,12.5893
5771499,1.0
206530,6.990535
2326513,2.23872
1487201,0.316228
3035905,14.2191
880543,19.9526
972602,14.1254
5487525,39.8107
57242,25.1189
3234134,12.5893
5771799,25.1189
3234132,12.5893
19900,0.794328
3234139,6.30957
3232982,10.0
3232983,39.8107
3232981,12.5893
3232987,2.51189
3232984,7.94328
3232985,39.8107
3232988,39.8107
3232989,3.16228
3232966,7.94328
1483126,25.1189
6603738,10.0
1954694,6.30957
6603731,31.6228
6603733,12.956614
6603735,25.1189
4223083,19.9526
736041,20.8114
4414298,2.81838
5311218,7.94328
6604804,15.8489
5717737,7.94328
868317,19.9526
3237443,0.501187
3233265,0.501187
804518,22.3872
3241663,14.1254
1261994,14.1254
3153799,22.3872
3245565,8.91251
3246031,3.16228
6604547,10.0
3246032,1.58489
6604542,7.94328
1131718,8.91251
4522912,15.8489
4522913,15.8489
844509,28.1838
4522911,10.0
691620,25.1189
2960774,0.223872
3239074,14.1254
3528369,22.3872
3233743,39.8107
3233214,12.5893
6604720,5.01187
6604721,7.94328
3233211,31.6228
3233210,19.9526
5348009,3.16228
6604725,25.1189
3233749,6.30957
6604729,5.01187
3233219,39.8107
3233218,0.794328
5348001,15.8489
303365,3.54813
3238711,15.8489
3233261,1.58489
3420546,3.16228
3235874,35.4813
3234439,5.01187
2960803,11.2202
2349205,28.1838
1725747,8.91251
3141844,25.1189
784576,1.77828
3243623,22.3872
5349970,0.0562341
3111056,14.1254
1489491,1.25893
8515,0.398107
2308238,3.98107
2764921,22.3872
2764920,28.1838
2923154,1.99526
3239620,17.7828
3234838,12.5893
3234839,19.9526
3234835,10.0
3234830,1.99526
647166,12.5893
6898098,15.8489
646118,12.5893
1253830,3.16228
3036027,0.00630957
5615,7.94328
208820,18.8541
207838,1.58489
16758702,3.98107
1179062,17.7828
6151198,3.98107
3234431,6.30957
5816,39.8107
3242617,2.51189
224978,3.98107
6098694,2.81838
4615,0.794328
888529,1.0
3190114,19.9526
3190117,12.5893
3216052,12.5893
4585844,12.5893
3237873,25.1189
5345040,17.7828
1729567,14.1254
2999794,7.07946
9579820,25.1189
1217817,0.630957
2883384,11.2202
6877641,25.1189
651189,5.62341
805322,3.98107
5456,12.5893
409779,3.16228
1096489,0.0354813
2497112,8.91251
708077,15.8489
6244,15.8489
11957257,0.562341
5423869,28.1838
9705,12.5893
2288185,22.3872
1480815,17.7828
2997683,25.1189
661502,0.398107
3234248,3.98107
3234246,10.0
3234241,15.8489
3233028,12.5893
3233029,12.5893
3238043,10.0
3233021,31.6228
3233026,19.9526
3233027,1.99526
3233024,39.8107
3233025,25.1189
3205534,28.1838
1548942,11.079235
6879178,11.2202
3242498,7.94328
3234799,39.8107
9600320,12.5893
3234790,31.6228
3234792,15.8489
3234797,39.8107
3234796,12.5893
3243014,39.8107
419706,3.98107
447407,1.58489
765832,14.1254
1480761,8.91251
840404,10.0
9551784,0.281838
3019,7.94328
3233688,19.9526
3233686,0.630957
9551788,15.8489
3233680,12.5893
1186741,14.1254
3235352,15.8489
3235353,12.5893
287332,3.16228
6604067,2.51189
1229632,11.2202
3233979,19.9526
3233970,0.630957
3233972,31.6228
3233973,12.5893
3233974,0.501187
3233977,39.8107
3212965,14.1254
5771709,3.98107
3246051,5.01187
3212968,25.1189
240896,7.94328
3235532,25.1189
3235533,25.1189
3235530,39.8107
3235537,12.5893
425829,0.794328
4058186,3.54813
3235539,1.0
3213217,14.1254
3809942,7.94328
3093457,14.1254
1711971,3.52594333333
1288455,3.16228
2740817,1.41254
5458622,3.16228
2968927,7.07946
3645729,19.9526
2866807,1.77828
5459397,15.8489
3232965,0.1
1976855,12.5893
3232960,15.8489
3232961,15.8489
3232962,12.5893
81493,12.5893
2234361,1.99526
3235402,15.8489
6603710,7.94328
6603715,31.6228
3235400,6.30957
3216730,12.5893
3235406,12.5893
3235404,19.9526
3246236,0.0630957
3246235,3.16228
2093497,22.3872
3238452,3.98107
1791961,0.707946
4401,19.9526
2184957,2.51189
2990940,19.9526
6604526,7.94328
1360706,2.81838
5516062,31.6228
3233769,15.8489
655401,7.94328
4251773,19.9526
3239056,11.2202
3033832,5.01187
9551847,0.707946
3238908,12.5893
3482705,15.8489
659775,0.0501187
3233761,25.1189
3233763,10.0
3233762,0.630957
1472451,17.7828
3247186,19.9526
3247187,39.8107
5281672,19.9526
3247181,19.9526
2288571,15.8489
2107595,22.3872
3878372,19.9526
1472458,1.99526
26987,7.75293933333
3234475,3.98107
3234471,25.1189
5461636,19.9526
3234789,15.8489
3234478,39.8107
3234479,12.5893
2979098,15.8489
4022923,28.1838
331161,3.16228
2441817,7.94328
9593109,2.51189
3202579,5.01187
108092,25.1189
2895,13.9711466667
5921108,1.58489
5771510,1.58489
3248327,1.99526
3504941,22.3872
1169033,1.77828
722995,14.1254
934473,0.501187
2956112,2.23872
5872927,0.158489
1321007,25.1189
3234816,12.5893
3234817,19.9526
19009,12.5893
3234812,19.9526
3234813,31.6228
3234811,39.8107
535193,25.1189
224958,3.16228
235013,3.98107
5353356,12.5893
5329275,25.1189
7285520,14.1254
5898383,14.1254
434859,3.16228
3240072,19.9526
1093252,25.1189
5386447,2.51189
821645,17.7828
70573,0.630957
9595084,25.1189
16414,0.125893
6870930,14.1254
1836603,31.6228
176157,1.58489
176407,10.0
5742480,14.1254
5742487,25.1189
11957277,15.8489
1483715,15.8489
6603506,15.8489
6603500,12.5893
1091784,4.46684
3234269,25.1189
3234268,3.16228
3168636,15.8489
3234263,31.6228
3234262,6.30957
3234265,3.16228
3234264,2.51189
3234266,15.8489
3711536,17.7828
3959287,3.16228
5719921,22.3872
350843,11.2202
257459,7.94328
257455,1.25893
412128,3.16228
979832,22.3872
2856996,25.1189
1734,39.8107
418281,2.51189
9595229,3.16228
2981294,1.0
941731,15.8489
2973578,14.1254
3242749,0.794328
6604884,31.6228
6604881,6.30957
6051800,25.1189
5599139,14.1254
6604889,7.94328
2973697,14.1254
11957184,3.98107
3237795,14.1254
1490177,12.5893
3235336,31.6228
3235337,10.0
3235339,19.9526
3233952,31.6228
3233950,39.8107
3233407,12.5893
3233956,5.01187
3233402,25.1189
3233958,0.125893
245617,3.98107
222880,3.98107
419850,1.25893
1731866,17.7828
3239797,11.2202
1144666,19.9526
2852690,15.8489
2992785,8.91251
3233945,12.5893
886487,35.4813
92178,6.30957
3233941,6.30957
1388675,12.5893
3233412,7.94328
11958898,0.112202
3926,5.01187
5751277,1.0
11958892,2.23872
6603888,39.8107
977785,12.5893
2982742,15.8489
6603881,0.630957
6603886,15.8489
6603887,16.8138856667
6603884,1.25893
9556106,6.30957
6604939,0.0501187
3233538,2.51189
6034947,35.4813
3727893,15.8489
6604426,12.5893
6604421,0.125893
6518389,1.58489
3847342,22.3872
2853124,14.1254
3232949,19.9526
716528,7.94328
5589562,11.2202
9550887,0.01
16758517,3.98107
3671,0.0398107
3677,10.0
3675,4.41073
376947,3.98107
3245742,15.8489
3245036,5.01187
3811373,7.94328
230942,0.398107
3245747,1.12202
6896139,15.8489
9586274,11.2202
3220800,15.8489
903,15.8489
431425,2.51189
927899,3.98107
2951586,14.1254
3261919,10.0
6604502,0.125893
6604503,0.01
6604506,10.0
3225382,4.46684
2858758,15.8489
1454688,2.51189
5460033,39.8107
3242244,25.1189
9551860,35.4813
9551865,7.07946
156314,39.8107
1442591,11.2202
1250831,19.9526
3236757,19.9526
5754767,22.3872
847906,28.1838
3246070,1.58489
1956827,19.9526
3247304,25.1189
3247302,25.1189
5883673,19.9526
5461618,39.8107
3234458,0.398107
3234456,25.1189
3234454,7.94328
3234455,1.0
3234452,1.25893
3234450,10.0
3234451,25.1189
1119977,7.07946
341821,3.16228
5737412,10.0
23684977,12.5893
3725923,39.8107
6603915,10.0
2982245,0.141254
5771575,1.25893
2965349,22.3872
3307988,25.1189
2965343,0.251189
3250046,35.4813
3235476,1.99526
3235474,12.5893
3235472,5.01187
3235471,19.9526
43345,39.8107
3235479,12.5893
11958799,2.51189
11958795,10.0
2936609,8.91251
11958792,0.01
3234873,12.5893
3234874,39.8107
3234877,39.8107
1150812,3.16228
2790677,15.8489
1448196,35.4813
1440349,14.1254
6154050,0.251189
1893916,2.23872
7314651,8.91251
1811779,10.0
838958,3.16228
3240509,0.501187
848413,14.1254
3830300,22.3872
2768698,14.1254
6603696,12.5893
6603695,25.1189
3236920,3.54813
3242906,17.7828
1482465,0.316228
2526222,28.1838
3236698,25.1189
6603521,12.5893
1473604,0.00562341
3234200,39.8107
3234206,3.98107
3234208,1.25893
6604205,15.8489
1441127,25.1189
3447,19.9526
1818166,28.1838
5312137,31.6228
3851618,10.0
2244588,7.94328
2286843,10.0
3232663,7.94328
2961877,0.00316228
3767720,15.8489
9595202,15.8489
2830498,19.9526
2981900,3.16228
3242768,3.54813
6604314,12.5893
6604311,0.0251189
3119020,8.91251
3138232,25.1189
6069552,12.5893
2262399,25.1189
660635,0.398107
3235313,1.58489
3235310,0.794328
3235311,10.0
3235316,5.01187
3235317,12.5893
3085218,0.501187
3233429,3.98107
3233426,0.630957
3233425,3.16228
3233422,19.9526
3233423,0.501187
2856523,25.1189
3361555,15.8489
867326,5.62341
3507894,12.5893
1255045,10.0
3243410,8.91251
3232591,25.1189
1477814,1.12202
3232595,12.5893
3232594,25.1189
3232596,12.5893
3232599,39.8107
3232598,39.8107
238347,1.58489
5866333,22.3872
5210485,1.25893
3240267,3.54813
3234998,10.0
3234993,19.9526
3234992,39.8107
3234997,10.0
977015,28.1838
3234995,19.9526
734388,22.3872
903387,3.16228
9556124,3.16228
9918,5.01187
692199,35.4813
1832998,3.54813
3802036,14.1254
3234192,0.501187
3234196,1.58489
3234195,10.0
571682,14.1254
3234199,12.5893
3232920,3.98107
3232921,10.0
2642484,6.30957
3232928,15.8489
3232929,0.501187
1489238,2.23872
843742,25.1189
4051,31.6228
2912389,0.199526
3571227,0.891251
16758539,3.16228
1242397,10.0
610682,39.8107
9551975,2.51189
16758537,3.16228
3168482,1.99526
2983415,14.1254
2983410,15.8489
3240990,1.41254
2347291,3.98107
3240997,19.9526
3245016,19.9526
2954960,25.1189
2562,10.0
6636173,3.16228
6604363,6.30957
744264,19.9526
5732244,11.2202
9594520,14.1254
6604367,6.30957
6604812,31.6228
199391,14.1254
2928992,0.794328
2848238,10.0
2951212,25.1189
3232677,25.1189
1235801,15.8489
1556129,14.1254
3239543,3.54813
3239013,1.58489
210230,1.25893
80414,15.8489
3207836,15.8489
1109291,11.2202
847924,8.91251
3246095,3.16228
3246093,3.16228
3243318,17.7828
1960,25.1189
3247324,6.30957
2923424,0.707946
3247323,10.0
3247320,3.16228
3247321,6.30957
16758509,2.51189
5349918,31.6228
3246606,3.16228
667555,15.8489
6604780,5.01187
6604781,25.1189
6604783,25.1189
6604786,7.94328
6604787,0.00630957
3234430,0.794328
6604789,0.0630957
3234433,6.30957
3234434,12.5893
1950986,14.1254
1481466,1.0
3247168,31.6228
2055522,0.199526
6266149,7.94328
917237,0.707946
864596,2.51189
7066452,14.1254
234474,3.16228
3233857,0.0794328
6604125,1.99526
3233855,2.51189
6604127,3.98107
5568,0.5962175
3233852,25.1189
9647580,0.177828
5566,1.49763
5567,0.501187
650985,3.16228
3233859,12.5893
2079240,22.3872
31316,3.98107
973019,17.7828
665725,3.16228
1008048,15.8489
3235455,2.51189
3235454,19.9526
3235109,25.1189
3235456,39.8107
3235458,19.9526
3235102,25.1189
3102030,1.77828
5188096,25.1189
651587,5.62341
3234853,25.1189
3234850,15.8489
3234854,19.9526
3234855,15.8489
3750330,15.8489
2888587,0.251189
5765374,0.1
3938007,3.98107
3153670,25.1189
3239222,22.3872
2833597,10.0
1255567,14.1254
259173,1.25893
259176,1.58489
838934,12.5893
647727,5.01187
6523294,7.94328
2766759,2.81838
3242966,5.62341
6518171,0.0316228
998204,12.5893
5729338,25.1189
714532,15.8489
661251,19.9526
16758494,3.98107
16758495,2.51189
16758492,3.16228
16758493,6.30957
54677973,31.6228
6602638,19.9526
2908222,3.54813
250865,6.30957
1091748,12.5893
128018,5.01187
3234225,19.9526
3234224,19.9526
3234221,19.9526
3234222,7.94328
2236962,17.7828
661037,22.3872
3247383,12.5893
517841,2.51189
4850,0.599763
176155,39.8107
1966682,1.58489
948314,6.30957
408481,3.98107
5345688,7.07946
60602,20.697795
11957230,0.794328
11957231,6.30957
11957234,28.1838
1234296,25.1189
3233198,19.9526
3233624,12.5893
2263138,25.1189
3233621,31.6228
3233190,2.51189
1118366,0.794328
2413916,25.1189
3237754,39.8107
2030682,7.94328
2288692,3.98107
432556,3.16228
3233831,12.5893
443389,31.6228
3233996,19.9526
3233993,19.9526
3233990,10.0
2804810,1.58489
3233999,5.01187
3233448,39.8107
3233449,25.1189
3233440,15.8489
3233441,39.8107
3233442,1.0
3233443,7.94328
3233447,31.6228
9594886,8.91251
2896625,25.1189
1337,31.6228
1331,15.8489
3234516,7.94328
3243433,28.1838
10707165,6.30957
2964777,0.00562341
750910,7.07946
3244782,3.98107
738566,3.16228
3232717,39.8107
3232716,15.8489
3232715,39.8107
3232712,15.8489
3232711,7.94328
3232718,2.51189
224506,3.16228
2059021,14.1254
1438198,14.1254
3232909,10.0
3232903,19.9526
3232901,25.1189
3232904,25.1189
3232905,2.51189
3232872,12.5893
66374,20.5251333333
16758557,3.98107
3637,12.5893
3634,5.01187
3232871,7.94328
16758553,3.16228
16758552,3.16228
16758551,3.16228
5459406,39.8107
167760,25.1189
3122353,10.0
3241559,3.98107
1147018,2.81838
3241002,22.3872
989652,28.1838
165542,5.01187
6636193,3.16228
2998032,15.8489
2767938,10.0
1184355,3.16228
1476284,17.7828
6603954,0.501187
6603950,0.398107
270475,5.01187
902169,14.1254
6602578,12.5893
902166,5.01187
11958817,22.3872
2450265,0.316228
1243938,5.01187
2104232,28.1838
952830,0.0446684
9594507,7.07946
3236188,15.8489
3246529,1.25893
6407173,15.8489
205586,7.94328
3246252,1.25893
3247126,19.9526
419313,1.99526
3233777,0.125893
4680942,5.01187
115348,0.501187
1548968,3.921712
3247341,10.0
3137359,19.9526
3247346,25.1189
1914803,12.5893
3272300,3.98107
3234412,6.30957
2870044,0.398107
3234416,19.9526
786403,5.62341
9551821,0.707946
6461550,0.794328
3233294,10.0
3238216,39.8107
3233296,19.9526
261297,3.16228
1088529,7.94328
9581886,0.630957
1383718,0.00316228
3396,5.792445
4256886,31.6228
2673450,15.8489
3243842,10.0
3243841,19.9526
4260,10.0
3244648,10.0
2155641,35.4813
3727447,10.0
3233870,19.9526
3233873,1.58489
3233875,10.0
3233879,3.16228
5885758,1.77828
11948742,28.1838
3235128,3.98107
3235438,7.94328
1720681,28.1838
3235433,15.8489
3235432,19.9526
3235431,7.94328
3235430,10.0
3235125,19.9526
3235124,19.9526
54691801,0.00501187
1084316,17.7828
4446135,5.01187
2257324,0.354813
6512916,5.01187
5835912,14.1254
2983339,8.91251
3245199,25.1189
1214671,28.1838
3245446,5.01187
413431,0.630957
413430,1.58489
5731085,8.91251
3107550,39.8107
6604885,0.0316228
1477039,6.30957
5280863,10.0
64725,3.98107
6898109,22.3872
5728807,15.8489
1483512,12.5893
4249305,22.3872
1544371,1.25893
1288978,0.177828
2952202,19.9526
3793002,15.8489
154412,6.61332333333
2244013,12.5893
948551,2.51189
4302962,12.5893
5717050,17.7828
135349,2.51189
2900292,0.501187
1473640,19.9526
16758616,3.98107
16758617,3.98107
3770355,3.54813
3106751,19.9526
3245991,25.1189
2790,12.5893
2920380,14.1254
2797,5.01187
2794,2.51189
71399,20.8114
71398,39.8107
1368253,5.01187
411175,1.58489
2174325,0.0112202
5771841,5.01187
2858180,5.01187
5139184,0.1
6420002,5.01187
704595,7.07946
752538,12.5893
3233607,5.01187
6604351,10.0
6604357,19.9526
6604356,0.398107
6604355,0.009449435
2169050,10.0
2192756,15.8489
2982948,0.794328
9551705,17.7828
4018512,25.1189
993507,28.1838
3235954,14.1254
3233462,1.25893
3233463,7.94328
3233467,0.630957
2390583,1.12202
3233468,1.25893
1326279,28.1838
3233817,7.94328
3244815,5.01187
1355,14.549985
1354,32.4648
283211,3.16228
3243454,15.8489
92112,0.1355708
3234603,19.9526
3234602,12.5893
3149167,0.630957
3234608,2.51189
6604590,3.16228
656665,31.6228
3234951,19.9526
3234950,15.8489
3232732,19.9526
3232734,10.0
3232737,25.1189
3232736,25.1189
3232739,15.8489
3232738,12.5893
5350989,0.177828
3185,1.99526
136915,3.16228
3180,5.01187
3233055,10.0
1249963,0.354813
3233501,2.51189
5284550,7.94328
6604437,0.0794328
3244103,4.46684
1218310,0.0891251
6604923,15.8489
4011,8.285185
409879,3.98107
6869553,25.1189
16758576,6.30957
3240959,6.30957
2479652,22.3872
5459429,39.8107
5459427,1.99526
5459425,15.8489
5459422,15.8489
5459423,12.5893
5459420,15.8489
1476513,0.0630957
978587,1.77828
5728143,15.8489
227337,0.630957
4553929,3.16228
665219,11.2202
755479,10.0
2339452,12.5893
6603798,15.8489
6603979,0.199526
6603792,31.6228
6603977,0.0501187
2461965,22.3872
1509139,1.25893
4552527,12.5893
2477,20.8114
850027,0.446684
2295127,7.94328
6602515,3.98107
2294537,22.3872
3906780,19.9526
6541426,1.99526
90010,19.78304
259264,3.98107
2980952,3.16228
2231792,15.8489
3234382,10.0
757113,15.8489
3234381,19.9526
3234386,2.51189
3234384,12.5893
3234385,10.0
5005059,15.8489
275685,2.51189
828252,14.1254
3238233,0.251189
3213,6.30957
3218,1.99526
2968636,7.94328
5461325,39.8107
6102040,28.1838
3243131,5.62341
6105128,14.1254
9600221,14.1254
134778,5.01187
2316284,7.07946
3247108,10.0
2812,24.90535
2818,11.89609
4259181,1.0
974630,3.54813
207054,7.94328
3372,0.9449435
1481603,6.30957
3247361,3.16228
3813808,10.0
280262,3.16228
28688,31.6228
5461857,1.58489
5343479,14.1254
72281,10.0
9551514,7.94328
3233813,12.5893
6604162,31.6228
6604164,12.5893
6604165,31.6228
1268303,39.8107
4171355,19.9526
3292447,12.5893
3235415,19.9526
970025,11.2202
3235417,25.1189
1448244,0.01
3235144,19.9526
3370714,11.2202
3822803,14.1254
5447087,10.0
5771593,1.58489
420759,3.16228
783456,1.58489
11958486,15.8489
19493,31.6228
2924039,1.58489
676392,10.0
3632372,1.99526
3234032,12.5893
2175242,4.46684
6898169,17.7828
5281404,10.0
124007,2.51189
6726,7.94328
667684,18.966185
667687,1.155744
54682505,6.30957
11837035,25.1189
661217,4.46684
4594206,22.3872
3275785,5.62341
854006,1.8317335
3246198,0.0501187
16758638,3.16228
16758639,3.98107
16758636,3.98107
16758635,3.16228
3229592,5.01187
3233275,10.0
3241747,15.8489
3233272,0.630957
3233271,12.5893
2997551,5.01187
1301227,3.54813
5771861,19.9526
5771860,19.9526
5771862,39.8107
2294491,8.91251
3746305,22.3872
300101,3.98107
3233660,0.794328
3233662,15.8489
3233663,25.1189
6604378,0.199526
3233666,19.9526
6604808,12.5893
6604374,0.0158489
6604805,0.1
1886670,25.1189
6604370,10.0
3204316,14.1254
828341,0.316228
3239626,0.223872
3239624,25.1189
3150628,5.01187
3233488,19.9526
3233486,25.1189
3233480,7.94328
3218000,12.5893
4452166,0.223872
189911,10.0
3234597,10.0
3234595,25.1189
3234593,5.01187
2976019,5.01187
3234591,15.8489
3234599,2.51189
3234598,10.0
15443,7.94328
5508897,0.112202
663146,1.58489
689113,0.398107
2887981,3.98107
875821,2.81838
658723,1.0
1088487,2.23872
3232947,12.5893
1630498,28.1838
3234623,3.98107
3234624,12.5893
3234626,19.9526
3234629,10.0
5392442,15.8489
3235621,14.1254
3235626,0.562341
3234979,19.9526
241069,0.199526
3234971,1.25893
3234975,12.5893
3244297,0.891251
1569741,14.1254
3232752,19.9526
3232751,19.9526
3232755,15.8489
4380,1.1966835
2915916,14.1254
3236194,1.41254
1211169,11.2202
1370,10.0
3235054,25.1189
3235051,39.8107
158397,15.8489
3244121,5.62341
3244122,14.1254
6093246,31.6228
5058219,8.91251
2914976,15.8489
5390103,15.8489
5390107,12.5893
3235088,3.16228
3235089,1.25893
3235086,10.0
3235087,7.94328
3235085,12.5893
11958811,5.01187
4878538,0.630957
3237952,3.54813
5927217,15.8489
18526314,25.1189
942367,6.30957
5459440,39.8107
5459441,19.9526
5459442,39.8107
5341429,5.62341
9549474,3.54813
2902250,1.12202
705975,28.1838
3233135,10.0
6603002,1.0
3237480,31.6228
1909422,3.54813
2857436,12.5893
6603918,15.8489
3240975,28.1838
6603910,3.98107
6603912,6.30957
678099,7.94328
6603916,5.01187
6603917,15.8489
2039993,12.5893
2457,19.9526
3234027,0.0251189
223156,0.398107
3234022,12.5893
2999963,10.0
3234029,31.6228
3234028,0.501187
1266897,11.2202
10154,6.30957
1475530,28.1838
3234368,15.8489
3234363,12.5893
663330,15.8489
3246387,3.98107
1790676,39.8107
9550117,11.2202
3214390,17.7828
667534,0.158489
3238702,14.1254
2161188,7.07946
5191,15.8489
3247160,19.9526
3243115,11.2202
3247169,39.8107
2115978,11.2202
768370,2.51189
3354,7.94328
3351,0.199526
446849,39.8107
2186358,0.794328
5345855,8.91251
6604492,10.0
6604495,0.01
5351010,0.630957
6604497,7.94328
4258569,14.1254
2923447,1.0
3247381,19.9526
1268140,0.1653109
5461873,12.5893
3244603,0.891251
3233835,15.8489
3233834,19.9526
3233836,0.630957
3233343,25.1189
3233342,39.8107
3233341,19.9526
5504,15.8489
3233839,5.01187
242955,3.16228
5501,12.5893
1452351,25.1189
5771062,14.1254
1459121,14.1254
3235169,10.0
3235168,25.1189
3235166,7.94328
3235160,39.8107
3235162,15.8489
2878615,12.5893
3241043,25.1189
1723513,0.0630957
5771249,14.1254
3241044,12.5893
3827,5.37247666667
3820,0.398107
5817814,6.30957
3828,10.0
3131058,10.0
39164,3.16228
4668963,5.01187
5725491,2.81838
181380,7.94328
5428598,5.01187
6894607,28.1838
9567331,8.91251
259669,3.98107
2298907,15.8489
1489331,10.0
717014,19.9526
1088127,14.1254
1102244,14.1254
3780872,17.7828
16758433,3.16228
645965,25.1189
1383732,12.5893
16758438,6.30957
16758382,3.16228
16758383,3.16228
2200,11.232245
2865926,15.8489
1289514,15.8489
6412256,25.1189
408974,1.58489
730811,0.0316228
3241624,15.8489
329202,3.16228
16758652,6.30957
856373,28.1838
3241233,17.7828
1375643,14.1254
5311198,39.8107
1124476,7.07946
5311191,10.0
1291463,7.07946
3241721,5.01187
1123987,7.07946
3241727,11.2202
3246718,3.16228
3586407,14.1254
6416317,14.1254
60663,0.316228
413540,0.125893
5771801,39.8107
1113642,15.8489
1113641,7.07946
5771804,25.1189
875154,39.8107
9551965,0.562341
3233138,3.98107
9551746,5.01187
9551963,14.1254
9551748,3.54813
6604820,25.1189
6604823,10.0
3233641,25.1189
3233644,0.0630957
3233645,12.5893
3237739,2.23872
3233822,15.8489
715872,22.3872
1370694,3.54813
3233826,19.9526
3239643,15.8489
6604750,3.98107
1225338,7.07946
1012180,19.9526
3821190,3.98107
3714053,3.16228
2307365,0.0794328
3243494,14.1254
3243496,1.12202
4435403,25.1189
3127913,28.1838
2880645,25.1189
2998,25.1189
3234276,10.0
2993,19.1572333333
2995,14.549985
3234649,7.94328
3234648,7.94328
3234642,25.1189
3234647,10.0
3234646,25.1189
3234644,15.8489
3232775,19.9526
3232777,10.0
3232776,1.99526
3232771,25.1189
3234270,0.1
3232772,19.9526
2138929,14.1254
3232779,31.6228
3232778,1.99526
2892895,12.5893
3560789,14.1254
851256,1.99526
5823347,28.1838
2124974,14.1254
16758760,3.16228
409834,2.51189
3455,1.929499
11958834,17.7828
409833,3.16228
3234911,19.9526
3234910,25.1189
3234917,39.8107
91536,2.51189
3234914,12.5893
3234919,39.8107
1237579,8.91251
16683706,3.16228
5459462,25.1189
2932804,0.251189
3235200,7.94328
3235202,12.5893
3235203,12.5893
888623,0.0223872
220688,2.51189
2884390,0.398107
9549457,25.1189
9549458,14.1254
5722465,15.8489
3605061,11.2202
665250,8.91251
6603930,25.1189
2892684,10.0
6603937,1.5714235
6603934,31.6228
6603938,3.1354
6603939,0.412149666667
161930,19.9526
177728,14.1254
2438,39.8107
4655729,7.94328
2999949,12.5893
11948869,14.1254
833995,0.1790075
3234001,2.51189
3234000,19.9526
3234003,15.8489
3246549,0.630957
3234007,12.5893
3234006,25.1189
3246544,0.0501187
3246546,7.94328
3242840,0.0446684
3246543,3.98107
3246542,3.16228
1477534,1.41254
1477535,17.7828
65388,10.0
2767953,25.1189
1477533,14.1254
3240627,14.1254
1483057,0.01
3472199,25.1189
3234347,6.30957
3234345,10.0
3200461,25.1189
21718,1.0
255024,5.01187
84008,7.94328
4992,0.24236
4993,7.94328
6603499,3.54813
9550680,3.16228
9551880,1.0
2961956,0.0501187
5921947,12.5893
157132,31.6228
3247148,15.8489
3247142,25.1189
3247140,31.6228
3247145,39.8107
275466,3.98107
3233584,0.794328
3233587,15.8489
5467,19.78304
3233589,19.9526
3243398,5.62341
254860,0.199526
3233363,39.8107
3233365,0.316228
3519541,25.1189
3233367,3.16228
3233366,15.8489
3233369,19.9526
3238851,3.54813
2278688,3.16228
264891,6.30957
1481979,15.8489
2294137,6.30957
2569947,1.12202
2834477,25.1189
1150344,1.0
1488444,28.1838
6097179,3.98107
6116253,14.1254
1293548,19.9526
3234143,12.5893
2726190,7.07946
9549590,19.9526
9549591,14.1254
9549594,7.07946
11958447,5.01187
2114626,1.58489
2982669,0.00794328
2250430,12.5893
3188518,15.8489
60860,15.8489
1537066,12.5893
1348667,25.1189
305435,3.16228
16758417,3.16228
16758415,3.16228
16758412,3.98107
73333,12.5893
353825,1.58489
16758419,3.16228
2229,31.6228
2987851,28.1838
5395545,12.5893
688057,15.8489
6872980,22.3872
3245177,22.3872
5453601,15.8489
5354033,15.8213763
1374312,2.51189
686030,3.16228
16758671,3.98107
3246487,3.98107
3120452,11.2202
3234918,10.0
938363,0.891251
3224046,1.12202
5771825,3.98107
5771824,39.8107
5459461,12.5893
5771821,10.0
5771823,12.5893
5771829,7.94328
5771828,19.9526
1184632,17.7828
3239408,22.3872
1676177,2.23872
3246155,1.627095
3246151,0.794328
5312331,39.8107
1022956,22.3872
3247285,19.9526
3247284,1.58489
9551768,1.41254
3247286,3.16228
3247281,15.8489
3247280,5.01187
3247283,1.99526
3247282,0.398107
3247289,10.0
9551943,14.1254
2937044,25.1189
871385,28.1838
945704,28.1838
3246731,5.01187
3246736,3.16228
54841,6.30957
3534619,11.2202
123981,31.6228
2349583,15.8489
746501,0.0125893
3241530,11.2202
3233116,31.6228
3233117,12.5893
6604840,19.9526
6604847,0.630957
3233113,1.99526
6604845,10.0
3233111,39.8107
9644066,0.630957
6604849,7.94328
6604848,7.94328
3233118,3.16228
3894573,0.1
3900148,0.177828
3234664,19.9526
3234667,12.5893
3234666,0.501187
3234669,39.8107
3234668,0.794328
3932660,25.1189
9551754,14.1254
3238139,12.5893
3217860,6.30957
3590295,28.1838
3232799,25.1189
3232797,39.8107
5771631,3.98107
5771632,1.99526
5347385,12.5893
3232792,0.158489
5771636,1.0
5771637,5.01187
3233438,25.1189
3233049,12.5893
6604267,15.8489
6604266,0.0630957
6604265,6.30957
6604268,0.398107
2926010,14.1254
2900722,0.251189
2089484,5.01187
750885,6.30957
3233040,25.1189
1228698,31.6228
6604914,39.8107
5730299,14.1254
1094080,0.398107
3233043,25.1189
421105,3.98107
5714,22.10605
5712,39.8107
3237314,15.8489
245078,3.98107
3234936,39.8107
3234931,25.1189
886110,7.07946
3234932,25.1189
2850927,28.1838
6604366,6.30957
1231567,8.91251
3235229,25.1189
3235226,7.94328
3235224,25.1189
3235225,3.16228
3235222,7.94328
1619220,15.8489
3235221,12.5893
5210287,17.7828
2871272,7.07946
9617701,28.1838
4284309,22.3872
1454780,1.0
16758423,6.30957
2962400,0.891251
639540,39.8107
3245612,14.1254
11948842,0.0794328
3223978,1.99526
3234069,10.0
2238869,7.94328
3234061,1.58489
3234067,39.8107
3234066,25.1189
5524045,8.91251
6602868,12.5893
3232890,10.0
3232891,39.8107
3232893,19.9526
3232894,25.1189
3232895,15.8489
3232896,39.8107
3232897,19.9526
3236795,15.8489
3234321,25.1189
3234322,6.30957
3234323,10.0
3234325,10.0
3234327,39.8107
3234329,12.5893
3100210,12.5893
4172142,39.8107
320994,3.98107
2905832,12.5893
327070,3.16228
9595185,39.8107
4976,9.914985
4971,25.1189
2757788,31.6228
3234498,19.9526
3234499,5.01187
3234492,7.94328
3234494,31.6228
3241114,12.5893
2980424,7.07946
70766,22.3872
688591,31.6228
1410254,11.2202
3242645,28.1838
3233567,25.1189
364212,5.01187
6604457,5.01187
3233563,19.9526
3233562,25.1189
6604452,7.94328
1565313,0.891251
5382140,5.01187
718920,22.3872
2322060,25.1189
21215059,25.1189
133008,1.58489
6604181,3.16228
3233308,15.8489
3233302,12.5893
1328961,14.1254
3233306,39.8107
227530,0.125893
290548,0.316228
767400,39.8107
5333156,3.54813
239794,3.16228
9679909,14.1254
2978824,12.5893
279413,0.794328
2540551,19.9526
417287,3.16228
447180,7.94328
3149519,79.4328
946098,17.7828
3075844,3.16228
11837938,28.1838
381594,1.58489
9556008,3.16228
9556004,3.16228
9556001,7.94328
9581915,28.1838
881444,19.9526
3365049,17.7828
2131650,25.1189
2104726,12.5893
969502,0.950559
3240094,10.0
3932,7.94328
3773502,35.4813
2118296,3.54813
60840,0.199526
3234008,25.1189
915847,17.7828
16758474,2.51189
16758470,3.98107
645929,2.81838
16758473,3.98107
73314,39.8107
872677,0.398107
5351735,3.16228
2488718,3.98107
2928544,3.54813
3488,10.0
5461327,2.51189
16758698,3.16228
3473123,1.12202
248754,3.98107
858213,11.2202
6603876,39.8107
6603875,0.1
6603654,0.398107
2364331,0.446684
6603878,31.6228
700464,15.8489
2837091,0.281838
1310764,0.199526
5707815,14.1254
9551928,22.3872
3247266,15.8489
3247265,3.98107
3247264,25.1189
949350,4.46684
10783,12.5893
2193996,3.98107
476416,1.25893
1373960,0.0125893
5339088,8.91251
1132927,11.2202
2318983,15.8489
3233172,19.9526
3233173,0.158489
1484288,39.8107
3233175,39.8107
901026,12.5893
3233177,15.8489
6604866,12.5893
6604860,25.1189
6604863,31.6228
663121,25.1189
2177491,15.8489
3234689,25.1189
3234686,12.5893
3234683,12.5893
3234681,19.9526
3234680,10.0
3238158,5.01187
586663,19.9526
3217849,17.7828
3096963,15.8489
790936,15.8489
1964886,4.46684
3233795,25.1189
3233796,39.8107
3108,10.0
3233791,0.794328
3233793,39.8107
3106,31.6228
3100,8.285185
3233799,12.5893
3103,6.30957
1472483,28.1838
3235041,12.5893
4097,3.98107
746923,25.1189
228534,6.30957
4098,1.0430385
3235047,12.5893
3235024,12.5893
3235025,7.94328
970143,8.91251
3235022,19.9526
3235023,15.8489
272209,3.16228
272208,3.98107
1367702,0.0707946
651959,1.25893
2228813,11.2202
2237144,0.630957
1119299,11.2202
6620818,35.4813
145611,12.5893
3235248,15.8489
9549410,7.07946
3235240,25.1189
3235241,19.9526
3235244,0.630957
3235247,10.0
5222901,15.8489
5361192,12.1743233333
1075974,7.94328
279605,3.98107
223285,3.98107
3719993,15.8489
52896,3.16228
6604777,15.8489
2994115,1.0
5707370,14.1254
3234044,12.5893
3234046,39.8107
3234041,0.0398107
3234040,19.9526
5707376,15.8489
3234049,5.01187
3234048,19.9526
5380443,1.58489
3240663,2.51189
901565,14.1254
901566,12.5893
3107691,2.81838
5311093,3.16228
9550319,31.6228
128355,7.94328
3234303,12.5893
3234300,39.8107
3234301,5.01187
5335116,7.07946
719057,14.1254
3240989,14.1254
199605,26.2
2160,23.87699
3246676,3.16228
3246673,3.98107
265185,3.16228
3246671,1.0
3246670,6.30957
5139,3.98107
3293,2.51189
665380,0.00562341
6343598,17.7828
2927070,17.7828
6604477,0.199526
6604472,0.01
6604470,0.0199526
1484540,15.8489
3233549,39.8107
3233098,12.5893
3233093,7.94328
3233542,12.5893
3233095,19.9526
3233094,19.9526
3239144,4.46684
146570,26.2
3233325,15.8489
3233326,0.199526
3233896,39.8107
659840,0.501187
3233894,7.94328
6890,0.158489
3247097,39.8107
3247092,19.9526
3247099,39.8107
718013,12.5893
9549629,17.7828
9549622,14.1254
9549623,1.25893
9549621,2.51189
9549624,7.94328
8249,10.0
2923756,0.177828
6604002,31.6228
3331,0.794328
148869,3.16228
881682,3.54813
4331799,31.6228
889459,0.501187
1281755,12.5893
9556060,3.16228
646395,15.8489
5461763,19.9526
5461760,39.8107
126769,12.5893
3235494,25.1189
3235497,39.8107
2232433,11.2202
3235493,25.1189
3235492,25.1189
2095932,1.58489
1473292,11.2202
16684901,1.25893
4135,12.5893
5694,3.16228
11958404,10.0
1383751,14.1254
5459403,25.1189
16758454,3.16228
16758459,3.16228
726336,15.8489
287682,1.58489
3245136,11.2202
1046867,11.2202
1185497,25.1189
1046868,12.5893
98514,3.16228
644890,2.81838
4543,11.079235
4673492,10.0
1476361,35.4813
6603851,3.16228
6603850,10.0
1509017,0.0316228
6603855,31.6228
1395233,17.7828
6603857,31.6228
6603856,22.53575
124333,19.9526
2220468,2.23872
4061082,17.7828
4687238,0.00630957
3778037,8.91251
3239442,14.1254
1615336,5.01187
418273,3.16228
943044,3.98107
1327610,15.8489
3246442,1.58489
3246443,0.158489
3247241,39.8107
3247240,12.5893
3247245,39.8107
3245867,0.1
3802991,15.8489
4088302,15.8489
54686784,0.0158489
54686787,39.8107
11957324,0.891251
5942809,5.01187
2909312,12.5893
3234518,10.0
24060,0.794328
3234513,39.8107
3234511,25.1189
3234510,10.0
826728,44.6684
419053,3.16228
419051,2.51189
3233152,3.98107
3233150,39.8107
3233151,1.58489
3233156,7.94328
3233157,12.5893
2906407,14.1254
9658376,17.7828
5111904,39.8107
1229513,2.81838
5368,31.6228
3243964,10.0
886875,14.1254
3243742,35.4813
5737730,14.1254
3151179,8.91251
4306,7.94328
1640618,7.94328
1008286,8.91251
291267,3.16228
1490970,7.94328
3238104,14.1254
122324,31.6228
1484951,14.1254
6604224,5.01187
660522,0.112202
3235007,39.8107
3235004,15.8489
3235008,0.316228
3235009,0.125893
185376,23.87699
662670,22.3872
2908945,25.1189
838547,14.1254
4065991,22.3872
2882889,11.2202
3237354,7.94328
3235260,7.94328
3235266,7.94328
3235265,39.8107
2965974,17.7828
898897,7.94328
6604757,6.30957
574780,12.5893
279623,1.58489
3232768,12.5893
4705,10.0
6872802,1.0
6603990,39.8107
6603991,0.794328
6603993,0.0630957
6603994,20.8114
6603996,31.6228
6603997,20.1044035
6603998,25.1189
3121220,11.2202
3645619,10.0
3240467,1.58489
389769,0.794328
6873607,19.9526
1075628,0.354813
3223931,5.01187
1083882,11.2202
5350051,0.01
65758,3.16228
943450,10.0
1477555,11.2202
3232854,1.0
3232857,0.0630957
3232850,2.51189
3232851,25.1189
4602593,0.794328
649949,15.8489
9550332,4.46684
657423,14.1254
1250504,28.1838
1864,39.8107
2950679,15.8489
4934,16.440865
4935,6.30957
4680,17.55945
4939,6.30957
3245654,0.177828
3457277,17.7828
3246650,0.794328
3246655,0.794328
5862829,10.0
3246657,2.51189
1484382,19.9526
54477,0.199526
3246303,2.51189
3238782,14.1254
237752,3.16228
3239786,12.5893
3239781,25.1189
3225034,12.5893
3233521,3.16228
6604413,1.0
6604414,3.98107
6604415,7.94328
896,10.0
6604418,10.0
3233528,39.8107
33624,17.3851266667
3237635,3.98107
3239169,14.1254
9551249,7.94328
5280442,12.5893
5280443,12.5893
3237181,0.562341
3211246,10.0
3219098,0.0177828
2973414,28.1838
3243223,11.2202
3232692,10.0
3232693,19.9526
3232696,15.8489
5571807,22.3872
3232698,12.5893
3232699,1.25893
6874408,35.4813
237975,3.16228
3236580,10.0
3244683,14.1254
6604724,0.678535
3234725,39.8107
2976358,12.5893
3234720,25.1189
3234723,7.94328
330508,0.630957
3234728,39.8107
5771797,5.01187
5771796,25.1189
5771795,19.9526
5771794,1.0
5771793,10.0
5771791,39.8107
2299665,3.16228
5904739,7.94328
5771798,7.94328
1148765,25.1189
5347203,12.5893
1254579,12.5893
224604,3.98107
2964786,0.630957
4114,5.01187
3244020,3.54813
6093303,0.2903099
307746,3.98107
5709,17.801935
5353636,12.5893
11958422,19.9526
5731847,7.07946
5678496,25.1189
3240859,5.01187
3570748,15.8489
114745,10.0
5459306,3.98107
3055,0.125893
11958687,3.16228
2829936,11.2202
11958681,22.3872
11958688,14.1254
11958689,3.54813
3237300,19.9526
1309500,0.630957
660285,0.316228
3216368,10.0
2951446,12.5893
715715,3.16228
3758448,1.99526
6603832,0.501187
6603831,22.10605
1833108,14.1254
5162203,14.1254
2139614,7.94328
3239311,15.8489
3246466,0.316228
3246467,3.16228
3246465,2.51189
198879,1.58489
3246461,2.51189
6604790,31.6228
673671,14.1254
3241814,3.54813
2963070,17.7828
3241819,12.5893
6603569,14.1254
1825676,1.12202
2937027,1.0
1825672,1.25893
2313393,1.12202
6896980,1.99526
123924,1.58489
11957308,5.01187
11957309,15.8489
9550079,35.4813
3234539,1.25893
3234538,3.16228
4227795,6.30957
3234531,2.51189
3234533,0.630957
3234532,12.5893
3234535,0.0398107
3234534,10.0
3559,5.66072
3234536,15.8489
3247225,19.9526
2913,6.36075333333
3150753,3.98107
5111967,14.1254
1186128,10.0
2116120,12.5893
3233428,19.9526
1484972,0.501187
6604753,0.00630957
6604752,3.98107
1484975,0.398107
3222353,11.2202
5293674,0.00891251
9551659,15.8489
704116,25.1189
1564494,3.16228
123692,7.87579
1481095,3.98107
3235060,39.8107
3235061,0.398107
3235065,19.9526
3235067,3.98107
1477967,22.3872
31411,17.55945
272244,0.794328
1471658,14.1254
5775,0.958174
1439003,22.3872
417300,2.51189
3235289,7.94328
3235286,12.5893
3235287,7.94328
3235281,0.398107
2183977,1.99526
253078,3.16228
788065,5.01187
1570011,10.0
3236392,15.8489
3624805,28.1838
11958749,14.1254
11958743,3.16228
3234880,3.16228
3234883,39.8107
3234882,5.01187
3234884,19.9526
3234889,19.9526
3234888,12.5893
855788,10.0
3217771,1.41254
833649,11.2202
3181519,7.07946
16758410,3.98107
3232877,5.01187
3210928,25.1189
9557099,0.00794328
3234083,10.0
3234082,12.5893
3234085,15.8489
3234084,39.8107
3234087,10.0
2343,12.5893
3032576,3.15875664
493265,5.01187
1093845,19.9526
2125,3.98107
4917,0.5962175
4914,24.90535
4910,0.0394723
2924944,14.1254
294609,3.16228
1484362,0.630957
3246635,3.98107
3246634,3.98107
3241174,25.1189
4356090,1.12202
1299711,14.1254
2980440,3.54813
1261829,25.1189
11838420,15.8489
3233057,1.99526
6604926,10.0
3233053,1.99526
3233500,39.8107
3233051,6.30957
3233050,15.8489
1353257,4.46684
1454808,0.125893
9619308,28.1838
4002880,15.8489
3242371,1.12202
3233213,0.251189
3242379,15.8489
6857,1.99526
841275,8.91251
71478,4.46684
3242156,17.7828
1187421,14.1254
3073499,1.25893
3243207,10.0
3232679,2.51189
11957177,15.8489
3232674,39.8107
3232675,5.01187
3232676,7.94328
759536,3.98107
3232671,10.0
3232672,12.5893
2287720,6.30957
771381,2.23872
6604697,12.5893
6604694,5.01187
6604695,15.8489
3234703,3.16228
3234700,2.51189
6604699,18.8541
232613,39.8107
829823,5.62341
2232477,11.2202
688420,0.0158489
2891734,22.3872
2464662,10.0
3885,15.8489
3670093,7.07946
3883,12.5893
330385,3.98107
3715139,19.9526
2176319,0.316228
3232656,10.0
2279440,0.251189
1371243,22.3872
3235546,19.9526
3235543,25.1189
3235541,1.0
2142113,14.1254
2857215,15.8489
150885,39.8107
3207506,0.316228
644851,17.7828
783054,0.794328
5477815,5.01187
1450735,19.9526
647585,8.91251
6603813,6.30957
6603819,12.5893
4450650,25.1189
16758368,3.98107
16758369,3.16228
16758367,0.794328
16758360,7.94328
16758361,7.94328
16758362,3.16228
16758363,3.98107
649754,3.54813
2230163,4.46684
5865129,8.91251
1925774,2.81838
845813,14.1254
410029,3.98107
3233705,12.5893
3234146,31.6228
6005,12.5893
3234142,3.16228
3246407,3.16228
3234148,6.30957
3234149,1.99526
3233702,25.1189
5734740,0.794328
3240164,3.16228
5510106,7.07946
105066,6.30957
3245531,31.6228
6603765,39.8107
6603763,1.42191
781779,12.5893
6603768,10.0
645323,3.54813
16758581,3.16228
2997847,31.6228
2952840,0.501187
4130402,14.1254
422686,3.98107
3234553,12.5893
3234552,25.1189
3234551,15.8489
3234550,6.30957
3234554,19.9526
3234559,19.9526
3000138,11.2202
3238359,5.01187
17369991,25.1189
5095,3.16228
4493,12.5893
3247205,39.8107
3247204,12.5893
3247207,39.8107
3248000,3.16228
6604595,3.16228
3158127,3.98107
2438920,6.30957
6604592,1.25893
3234762,19.9526
2266182,28.1838
1363467,0.0398107
1481870,7.07946
5106182,7.94328
1486734,0.0354813
6604771,25.1189
6604770,25.1189
6604773,10.0
6604772,31.6228
3233260,19.9526
6604774,5.01187
3168,3.16228
6604776,0.630957
6604778,0.794328
3233269,0.0316228
3235048,15.8489
3235042,10.0
3235043,2.51189
5282254,2.5456514
4055,7.94328
3235044,2.51189
1090038,3.54813
1090030,4.46684
3378093,31.6228
5771321,15.8489
245746,1.0
647205,14.1254
207843,3.1354
866705,12.5893
866706,17.7828
11958581,31.6228
3247287,19.9526
734108,17.7828
7307102,17.7828
282671,3.98107
1068701,10.0
11958761,15.8489
1302380,5.01187
11958764,12.5893
11958768,28.1838
3247288,12.5893
127861,7.94328
977124,8.91251
3240318,25.1189
3240319,15.8489
310557,5.01187
3236048,8.91251
3226033,15.8489
65714,0.630957
4602899,10.0
16758538,7.94328
2892550,1.99526
6604565,3.16228
3232815,12.5893
3232816,0.316228
3232817,19.9526
3232818,6.30957
241463,0.794328
3385214,2.51189
6007691,28.1838
1521631,4.46684
122187,1.1079235
1815035,19.9526
3767,12.5893
3168483,10.0
16758536,3.16228
9572479,1.25893
9551895,25.1189
1164115,0.0891251
5511755,22.3872
2497,7.94328
5154,19.78304
3237552,0.0281838
6602688,1.99526
3237557,12.5893
6080298,14.1254
5485187,31.6228
3271879,12.5893
1901244,3.98107
53389,15.8489
3549725,14.1254
6420161,19.9526
3233079,12.5893
3233071,25.1189
6859828,11.2202
3233073,15.8489
3233072,19.9526
3233075,3.98107
3233074,39.8107
3233077,6.30957
6419938,10.0
6419937,7.94328
3241027,14.1254
3235384,0.158489
3246616,0.0794328
3246611,0.316228
2229952,7.94328
3246619,3.16228
441281,6.30957
15723,15.8489
196664,1.25893
9566733,14.1254
2262188,14.1254
3236601,8.91251
2976172,8.91251
6604906,31.6228
6604904,15.8489
6604905,0.0158489
6604902,7.94328
6604900,0.158489
1970834,1.0
3706569,28.1838
6604909,31.6228
3243599,39.8107
3232657,0.398107
3232655,15.8489
3232653,19.9526
3232650,1.25893
3232651,1.0
3561847,12.5893
11957117,11.2202
3233924,1.25893
11957113,12.5893
11957112,11.2202
11957118,25.1189
1181849,0.0446684
6604445,12.5893
3233920,2.51189
3233382,15.8489
3233387,31.6228
3234761,25.1189
3233389,39.8107
3233388,10.0
2302106,14.1254
3421586,3.16228
3234767,15.8489
1117844,1.12202
243973,3.98107
1565305,25.1189
2283286,11.2202
6604444,3.98107
3151386,3.54813
3114044,2.81838
3235385,10.0
3244069,14.1254
3235387,19.9526
3235381,7.94328
3235380,25.1189
3235382,12.5893
834562,17.7828
3244066,28.1838
3233927,3.98107
6604015,19.9526
6604017,39.8107
6604010,15.8489
6604011,7.94328
6604012,31.6228
6604013,0.794328
6604018,31.6228
6604019,0.0398107
3158430,7.07946
3236543,31.6228
667477,7.66408333333
